Breed;Color;"Age in 
Weeks";Min BW Female;Avg BW Female;Max BW Female;Min BW Male;Avg BW Male;Max BW Male;Min/Avg Female;Max/Avg Female;Min/Avg Male;Max/Avg Male;;;;;;;;;;;;;;;;
LB Classic;Brown;1;62;65;68;62;65;68;;;;;;;;;;;;;;;;;;;;
LB Classic;Brown;2;124;130;137;138;145;152;;;;;;;;;;;;;;;;;;;;
LB Classic;Brown;3;183;193;203;233;245;257;;;;;;;;;Sum of Avg BW Female;Breed;;;;;;;;;;
LB Classic;Brown;4;254;268;281;328;345;362;;;;;;;;;"Age in 
Weeks";LB Tradition;LB Extra;LB Classic;LB Lite;LSL Extra;LSL Classic;LSL Lite;LSL Ultra Lite;Lohmann Sandy;Lohmann Pink;Lohmann Silver
LB Classic;Brown;5;331;349;366;423;445;467;;;;;;;;;1;66;65;65;64;66;65;64;64;64;65;66
LB Classic;Brown;6;418;440;462;527;555;583;;;;;;;;;20;1.620;1.612;1.601;1.592;1.342;1.320;1.302;1.290;1.302;1.615;1.637
LB Classic;Brown;7;505;532;558;641;675;709;;;;;;;;;75;2.005;1.995;1.982;1.970;1.740;1.727;1.700;1.680;1.700;2.000;2.030
LB Classic;Brown;8;599;630;662;755;795;835;;;;;;;;;;;;;;;;;;;;
LB Classic;Brown;9;695;731;768;869;915;961;;;;;;;;;;;;;;;;;;;;
LB Classic;Brown;10;784;826;867;983;1.035;1.087;;;;;;;;;;;;;;;;;;;;
LB Classic;Brown;11;868;914;959;1.097;1.155;1.213;;;;;;;;;;;;;;;;;;;;
LB Classic;Brown;12;956;1.006;1.056;1.211;1.275;1.339;;;;;;;;;;;;;;;;;;;;
LB Classic;Brown;13;1.036;1.090;1.145;1.325;1.395;1.465;;;;;;;;;;;;;;;;;;;;
LB Classic;Brown;14;1.112;1.171;1.229;1.439;1.515;1.591;;;;;;;;;;;;;;;;;;;;
LB Classic;Brown;15;1.188;1.250;1.313;1.553;1.635;1.717;;;;;;;;;;;;;;;;;;;;
LB Classic;Brown;16;1.258;1.324;1.390;1.667;1.755;1.843;;;;;;;;;;;;;;;;;;;;
LB Classic;Brown;17;1.323;1.393;1.462;1.777;1.870;1.964;;;;;;;;;;;;;;;;;;;;
LB Classic;Brown;18;1.392;1.465;1.538;1.886;1.985;2.084;;;;;;;;;;;;;;;;;;;;
LB Classic;Brown;19;1.457;1.534;1.610;1.995;2.100;2.205;;;;;;;;;;;;;;;;;;;;
LB Classic;Brown;20;1.521;1.601;1.681;2.100;2.210;2.321;;;;;;;;;;;;;;;;;;;;
LB Classic;Brown;21;1.574;1.657;1.740;2.176;2.290;2.405;;;;;;;;;;;;;;;;;;;;
LB Classic;Brown;22;1.624;1.710;1.795;2.242;2.360;2.478;;;;;;;;;;;;;;;;;;;;
LB Classic;Brown;23;1.669;1.757;1.845;2.299;2.420;2.541;;;;;;;;;;;;;;;;;;;;
LB Classic;Brown;24;1.704;1.794;1.884;2.351;2.475;2.599;;;;;;;;;;;;;;;;;;;;
LB Classic;Brown;25;1.730;1.822;1.913;2.399;2.525;2.651;;;;;;;;;;;;;;;;;;;;
LB Classic;Brown;26;1.748;1.840;1.932;2.442;2.570;2.699;;;;;;;;;;;;;;;;;;;;
LB Classic;Brown;27;1.760;1.853;1.946;2.480;2.610;2.741;;;;;;;;;;;;;;;;;;;;
LB Classic;Brown;28;1.768;1.861;1.954;2.513;2.645;2.777;;;;;;;;;;;;;;;;;;;;
LB Classic;Brown;29;1.773;1.867;1.960;2.541;2.675;2.809;;;;;;;;;;;;;;;;;;;;
LB Classic;Brown;30;1.780;1.874;1.967;2.560;2.695;2.830;;;;;;;;;;;;;;;;;;;;
LB Classic;Brown;31;1.783;1.877;1.970;2.574;2.710;2.845;;;;;;;;;;;;;;;;;;;;
LB Classic;Brown;32;1.786;1.879;1.973;2.588;2.724;2.860;;;;;;;;;;;;;;;;;;;;
LB Classic;Brown;33;1.788;1.882;1.977;2.602;2.739;2.875;;;;;;;;;;;;;;;;;;;;
LB Classic;Brown;34;1.791;1.885;1.980;2.615;2.753;2.891;;;;;;;;;;;;;;;;;;;;
LB Classic;Brown;35;1.794;1.888;1.983;2.629;2.768;2.906;;;;;;;;;;;;;;;;;;;;
LB Classic;Brown;36;1.797;1.891;1.986;2.643;2.782;2.921;;;;;;;;;;;;;;;;;;;;
LB Classic;Brown;37;1.800;1.894;1.989;2.657;2.797;2.936;;;;;;;;;;;;;;;;;;;;
LB Classic;Brown;38;1.802;1.897;1.992;2.670;2.811;2.952;;;;;;;;;;;;;;;;;;;;
LB Classic;Brown;39;1.805;1.900;1.995;2.684;2.826;2.967;;;;;;;;;;;;;;;;;;;;
LB Classic;Brown;40;1.807;1.902;1.997;2.698;2.840;2.982;;;;;;;;;;;;;;;;;;;;
LB Classic;Brown;41;1.810;1.905;2.000;2.705;2.848;2.990;;;;;;;;;;;;;;;;;;;;
LB Classic;Brown;42;1.811;1.907;2.002;2.712;2.855;2.998;;;;;;;;;;;;;;;;;;;;
LB Classic;Brown;43;1.814;1.910;2.005;2.719;2.863;3.006;;;;;;;;;;;;;;;;;;;;
LB Classic;Brown;44;1.816;1.912;2.007;2.727;2.870;3.014;;;;;;;;;;;;;;;;;;;;
LB Classic;Brown;45;1.819;1.915;2.010;2.734;2.878;3.021;;;;;;;;;;;;;;;;;;;;
LB Classic;Brown;46;1.822;1.918;2.013;2.741;2.885;3.029;;;;;;;;;;;;;;;;;;;;
LB Classic;Brown;47;1.824;1.920;2.015;2.748;2.893;3.037;;;;;;;;;;;;;;;;;;;;
LB Classic;Brown;48;1.825;1.921;2.018;2.755;2.900;3.045;;;;;;;;;;;;;;;;;;;;
LB Classic;Brown;49;1.828;1.924;2.021;2.762;2.908;3.053;;;;;;;;;;;;;;;;;;;;
LB Classic;Brown;50;1.830;1.926;2.023;2.769;2.915;3.061;;;;;;;;;;;;;;;;;;;;
LB Classic;Brown;51;1.834;1.930;2.027;2.776;2.923;3.069;;;;;;;;;;;;;;;;;;;;
LB Classic;Brown;52;1.835;1.931;2.028;2.784;2.930;3.077;;;;;;;;;;;;;;;;;;;;
LB Classic;Brown;53;1.838;1.935;2.032;2.791;2.938;3.084;;;;;;;;;;;;;;;;;;;;
LB Classic;Brown;54;1.840;1.937;2.034;2.798;2.945;3.092;;;;;;;;;;;;;;;;;;;;
LB Classic;Brown;55;1.842;1.939;2.036;2.805;2.953;3.100;;;;;;;;;;;;;;;;;;;;
LB Classic;Brown;56;1.844;1.941;2.038;2.812;2.960;3.108;;;;;;;;;;;;;;;;;;;;
LB Classic;Brown;57;1.847;1.944;2.041;2.819;2.968;3.116;;;;;;;;;;;;;;;;;;;;
LB Classic;Brown;58;1.849;1.946;2.043;2.826;2.975;3.124;;;;;;;;;;;;;;;;;;;;
LB Classic;Brown;59;1.851;1.949;2.046;2.833;2.983;3.132;;;;;;;;;;;;;;;;;;;;
LB Classic;Brown;60;1.853;1.951;2.048;2.841;2.990;3.140;;;;;;;;;;;;;;;;;;;;
LB Classic;Brown;61;1.856;1.954;2.052;2.846;2.996;3.146;;;;;;;;;;;;;;;;;;;;
LB Classic;Brown;62;1.859;1.957;2.055;2.850;3.000;3.150;;;;;;;;;;;;;;;;;;;;
LB Classic;Brown;63;1.861;1.959;2.057;2.850;3.000;3.150;;;;;;;;;;;;;;;;;;;;
LB Classic;Brown;64;1.863;1.961;2.059;2.850;3.000;3.150;;;;;;;;;;;;;;;;;;;;
LB Classic;Brown;65;1.865;1.964;2.062;2.850;3.000;3.150;;;;;;;;;;;;;;;;;;;;
LB Classic;Brown;66;1.867;1.966;2.064;2.850;3.000;3.150;;;;;;;;;;;;;;;;;;;;
LB Classic;Brown;67;1.870;1.969;2.067;2.850;3.000;3.150;;;;;;;;;;;;;;;;;;;;
LB Classic;Brown;68;1.872;1.970;2.069;2.850;3.000;3.150;;;;;;;;;;;;;;;;;;;;
LB Classic;Brown;69;1.875;1.973;2.072;2.850;3.000;3.150;;;;;;;;;;;;;;;;;;;;
LB Classic;Brown;70;1.878;1.976;2.075;2.850;3.000;3.150;;;;;;;;;;;;;;;;;;;;
LB Classic;Brown;71;1.879;1.978;2.077;2.850;3.000;3.150;;;;;;;;;;;;;;;;;;;;
LB Classic;Brown;72;1.881;1.979;2.078;2.850;3.000;3.150;;;;;;;;;;;;;;;;;;;;
LB Classic;Brown;73;1.881;1.980;2.079;2.850;3.000;3.150;;;;;;;;;;;;;;;;;;;;
LB Classic;Brown;74;1.882;1.981;2.080;2.850;3.000;3.150;;;;;;;;;;;;;;;;;;;;
LB Classic;Brown;75;1.883;1.982;2.081;2.850;3.000;3.150;;;;;;;;;;;;;;;;;;;;
LB Extra;Brown;1;62;65;69;62;66;69;;;;;;;;;;;;;;;;;;;;
LB Extra;Brown;2;124;131;137;139;147;154;;;;;;;;;;;;;;;;;;;;
LB Extra;Brown;3;184;194;204;235;248;260;;;;;;;;;;;;;;;;;;;;
LB Extra;Brown;4;255;269;282;331;349;366;;;;;;;;;;;;;;;;;;;;
LB Extra;Brown;5;333;350;368;427;450;472;;;;;;;;;;;;;;;;;;;;
LB Extra;Brown;6;420;442;464;533;561;589;;;;;;;;;;;;;;;;;;;;
LB Extra;Brown;7;507;534;561;648;682;716;;;;;;;;;;;;;;;;;;;;
LB Extra;Brown;8;602;634;665;763;803;844;;;;;;;;;;;;;;;;;;;;
LB Extra;Brown;9;698;735;772;878;925;971;;;;;;;;;;;;;;;;;;;;
LB Extra;Brown;10;788;830;871;994;1.046;1.098;;;;;;;;;;;;;;;;;;;;
LB Extra;Brown;11;872;918;964;1.109;1.167;1.226;;;;;;;;;;;;;;;;;;;;
LB Extra;Brown;12;961;1.011;1.062;1.224;1.289;1.353;;;;;;;;;;;;;;;;;;;;
LB Extra;Brown;13;1.041;1.096;1.151;1.339;1.410;1.480;;;;;;;;;;;;;;;;;;;;
LB Extra;Brown;14;1.118;1.177;1.236;1.455;1.531;1.608;;;;;;;;;;;;;;;;;;;;
LB Extra;Brown;15;1.194;1.257;1.320;1.570;1.652;1.735;;;;;;;;;;;;;;;;;;;;
LB Extra;Brown;16;1.264;1.331;1.397;1.685;1.774;1.862;;;;;;;;;;;;;;;;;;;;
LB Extra;Brown;17;1.330;1.400;1.470;1.795;1.890;1.984;;;;;;;;;;;;;;;;;;;;
LB Extra;Brown;18;1.399;1.472;1.546;1.906;2.006;2.106;;;;;;;;;;;;;;;;;;;;
LB Extra;Brown;19;1.464;1.541;1.618;2.016;2.122;2.228;;;;;;;;;;;;;;;;;;;;
LB Extra;Brown;20;1.531;1.612;1.692;2.120;2.232;2.343;;;;;;;;;;;;;;;;;;;;
LB Extra;Brown;21;1.584;1.668;1.751;2.197;2.313;2.428;;;;;;;;;;;;;;;;;;;;
LB Extra;Brown;22;1.635;1.721;1.807;2.264;2.383;2.503;;;;;;;;;;;;;;;;;;;;
LB Extra;Brown;23;1.680;1.768;1.857;2.322;2.444;2.566;;;;;;;;;;;;;;;;;;;;
LB Extra;Brown;24;1.715;1.806;1.896;2.375;2.500;2.624;;;;;;;;;;;;;;;;;;;;
LB Extra;Brown;25;1.742;1.833;1.925;2.422;2.550;2.677;;;;;;;;;;;;;;;;;;;;
LB Extra;Brown;26;1.759;1.852;1.945;2.466;2.595;2.725;;;;;;;;;;;;;;;;;;;;
LB Extra;Brown;27;1.772;1.865;1.958;2.504;2.636;2.768;;;;;;;;;;;;;;;;;;;;
LB Extra;Brown;28;1.779;1.873;1.966;2.538;2.671;2.805;;;;;;;;;;;;;;;;;;;;
LB Extra;Brown;29;1.785;1.879;1.973;2.566;2.701;2.837;;;;;;;;;;;;;;;;;;;;
LB Extra;Brown;30;1.791;1.886;1.980;2.586;2.722;2.858;;;;;;;;;;;;;;;;;;;;
LB Extra;Brown;31;1.794;1.889;1.983;2.600;2.736;2.873;;;;;;;;;;;;;;;;;;;;
LB Extra;Brown;32;1.797;1.892;1.986;2.613;2.751;2.889;;;;;;;;;;;;;;;;;;;;
LB Extra;Brown;33;1.800;1.895;1.989;2.627;2.766;2.904;;;;;;;;;;;;;;;;;;;;
LB Extra;Brown;34;1.803;1.898;1.992;2.641;2.780;2.919;;;;;;;;;;;;;;;;;;;;
LB Extra;Brown;35;1.806;1.901;1.996;2.655;2.795;2.935;;;;;;;;;;;;;;;;;;;;
LB Extra;Brown;36;1.808;1.904;1.999;2.669;2.810;2.950;;;;;;;;;;;;;;;;;;;;
LB Extra;Brown;37;1.811;1.907;2.002;2.683;2.824;2.965;;;;;;;;;;;;;;;;;;;;
LB Extra;Brown;38;1.814;1.910;2.005;2.697;2.839;2.981;;;;;;;;;;;;;;;;;;;;
LB Extra;Brown;39;1.817;1.912;2.008;2.711;2.853;2.996;;;;;;;;;;;;;;;;;;;;
LB Extra;Brown;40;1.819;1.914;2.010;2.725;2.868;3.012;;;;;;;;;;;;;;;;;;;;
LB Extra;Brown;41;1.821;1.917;2.013;2.732;2.876;3.019;;;;;;;;;;;;;;;;;;;;
LB Extra;Brown;42;1.823;1.919;2.015;2.739;2.883;3.027;;;;;;;;;;;;;;;;;;;;
LB Extra;Brown;43;1.826;1.922;2.018;2.746;2.891;3.035;;;;;;;;;;;;;;;;;;;;
LB Extra;Brown;44;1.828;1.924;2.020;2.753;2.898;3.043;;;;;;;;;;;;;;;;;;;;
LB Extra;Brown;45;1.831;1.927;2.023;2.761;2.906;3.051;;;;;;;;;;;;;;;;;;;;
LB Extra;Brown;46;1.834;1.930;2.027;2.768;2.914;3.059;;;;;;;;;;;;;;;;;;;;
LB Extra;Brown;47;1.835;1.932;2.029;2.775;2.921;3.067;;;;;;;;;;;;;;;;;;;;
LB Extra;Brown;48;1.837;1.934;2.031;2.782;2.929;3.075;;;;;;;;;;;;;;;;;;;;
LB Extra;Brown;49;1.840;1.937;2.034;2.789;2.936;3.083;;;;;;;;;;;;;;;;;;;;
LB Extra;Brown;50;1.842;1.939;2.036;2.797;2.944;3.091;;;;;;;;;;;;;;;;;;;;
LB Extra;Brown;51;1.846;1.943;2.040;2.804;2.951;3.099;;;;;;;;;;;;;;;;;;;;
LB Extra;Brown;52;1.847;1.944;2.041;2.811;2.959;3.107;;;;;;;;;;;;;;;;;;;;
LB Extra;Brown;53;1.850;1.948;2.045;2.818;2.967;3.115;;;;;;;;;;;;;;;;;;;;
LB Extra;Brown;54;1.852;1.950;2.047;2.825;2.974;3.123;;;;;;;;;;;;;;;;;;;;
LB Extra;Brown;55;1.854;1.952;2.049;2.833;2.982;3.131;;;;;;;;;;;;;;;;;;;;
LB Extra;Brown;56;1.856;1.954;2.051;2.840;2.989;3.139;;;;;;;;;;;;;;;;;;;;
LB Extra;Brown;57;1.859;1.957;2.054;2.847;2.997;3.147;;;;;;;;;;;;;;;;;;;;
LB Extra;Brown;58;1.861;1.959;2.057;2.854;3.004;3.155;;;;;;;;;;;;;;;;;;;;
LB Extra;Brown;59;1.864;1.962;2.060;2.861;3.012;3.163;;;;;;;;;;;;;;;;;;;;
LB Extra;Brown;60;1.865;1.964;2.062;2.869;3.020;3.171;;;;;;;;;;;;;;;;;;;;
LB Extra;Brown;61;1.868;1.967;2.065;2.874;3.026;3.177;;;;;;;;;;;;;;;;;;;;
LB Extra;Brown;62;1.871;1.969;2.068;2.878;3.030;3.181;;;;;;;;;;;;;;;;;;;;
LB Extra;Brown;63;1.873;1.971;2.070;2.878;3.030;3.181;;;;;;;;;;;;;;;;;;;;
LB Extra;Brown;64;1.875;1.973;2.072;2.878;3.030;3.181;;;;;;;;;;;;;;;;;;;;
LB Extra;Brown;65;1.878;1.976;2.075;2.878;3.030;3.181;;;;;;;;;;;;;;;;;;;;
LB Extra;Brown;66;1.879;1.978;2.077;2.878;3.030;3.181;;;;;;;;;;;;;;;;;;;;
LB Extra;Brown;67;1.882;1.981;2.080;2.878;3.030;3.181;;;;;;;;;;;;;;;;;;;;
LB Extra;Brown;68;1.884;1.983;2.082;2.878;3.030;3.181;;;;;;;;;;;;;;;;;;;;
LB Extra;Brown;69;1.887;1.986;2.086;2.878;3.030;3.181;;;;;;;;;;;;;;;;;;;;
LB Extra;Brown;70;1.890;1.989;2.089;2.878;3.030;3.181;;;;;;;;;;;;;;;;;;;;
LB Extra;Brown;71;1.892;1.991;2.091;2.878;3.030;3.181;;;;;;;;;;;;;;;;;;;;
LB Extra;Brown;72;1.893;1.992;2.092;2.878;3.030;3.181;;;;;;;;;;;;;;;;;;;;
LB Extra;Brown;73;1.894;1.993;2.093;2.878;3.030;3.181;;;;;;;;;;;;;;;;;;;;
LB Extra;Brown;74;1.895;1.994;2.094;2.878;3.030;3.181;;;;;;;;;;;;;;;;;;;;
LB Extra;Brown;75;1.895;1.995;2.095;2.878;3.030;3.181;;;;;;;;;;;;;;;;;;;;
LB Lite;Brown;1;61;64;68;61;64;68;;;;;;;;;;;;;;;;;;;;
LB Lite;Brown;2;122;129;135;136;143;151;;;;;;;;;;;;;;;;;;;;
LB Lite;Brown;3;182;191;201;230;242;254;;;;;;;;;;;;;;;;;;;;
LB Lite;Brown;4;252;265;278;324;341;358;;;;;;;;;;;;;;;;;;;;
LB Lite;Brown;5;328;345;363;418;440;462;;;;;;;;;;;;;;;;;;;;
LB Lite;Brown;6;414;436;457;522;549;577;;;;;;;;;;;;;;;;;;;;
LB Lite;Brown;7;500;527;553;634;668;701;;;;;;;;;;;;;;;;;;;;
LB Lite;Brown;8;593;625;656;747;786;826;;;;;;;;;;;;;;;;;;;;
LB Lite;Brown;9;688;725;761;860;905;950;;;;;;;;;;;;;;;;;;;;
LB Lite;Brown;10;777;818;859;973;1.024;1.075;;;;;;;;;;;;;;;;;;;;
LB Lite;Brown;11;860;905;951;1.086;1.143;1.200;;;;;;;;;;;;;;;;;;;;
LB Lite;Brown;12;947;997;1.047;1.198;1.261;1.324;;;;;;;;;;;;;;;;;;;;
LB Lite;Brown;13;1.026;1.080;1.134;1.311;1.380;1.449;;;;;;;;;;;;;;;;;;;;
LB Lite;Brown;14;1.102;1.160;1.218;1.424;1.499;1.574;;;;;;;;;;;;;;;;;;;;
LB Lite;Brown;15;1.177;1.239;1.301;1.537;1.618;1.698;;;;;;;;;;;;;;;;;;;;
LB Lite;Brown;16;1.246;1.312;1.377;1.649;1.736;1.823;;;;;;;;;;;;;;;;;;;;
LB Lite;Brown;17;1.311;1.380;1.449;1.757;1.850;1.942;;;;;;;;;;;;;;;;;;;;
LB Lite;Brown;18;1.379;1.452;1.524;1.866;1.964;2.062;;;;;;;;;;;;;;;;;;;;
LB Lite;Brown;19;1.443;1.519;1.595;1.974;2.078;2.181;;;;;;;;;;;;;;;;;;;;
LB Lite;Brown;20;1.512;1.592;1.671;2.085;2.195;2.305;;;;;;;;;;;;;;;;;;;;
LB Lite;Brown;21;1.565;1.647;1.729;2.161;2.275;2.388;;;;;;;;;;;;;;;;;;;;
LB Lite;Brown;22;1.614;1.699;1.784;2.227;2.344;2.461;;;;;;;;;;;;;;;;;;;;
LB Lite;Brown;23;1.659;1.746;1.833;2.284;2.404;2.524;;;;;;;;;;;;;;;;;;;;
LB Lite;Brown;24;1.694;1.783;1.872;2.335;2.458;2.581;;;;;;;;;;;;;;;;;;;;
LB Lite;Brown;25;1.720;1.810;1.901;2.383;2.508;2.633;;;;;;;;;;;;;;;;;;;;
LB Lite;Brown;26;1.737;1.829;1.920;2.425;2.553;2.680;;;;;;;;;;;;;;;;;;;;
LB Lite;Brown;27;1.749;1.842;1.934;2.463;2.593;2.722;;;;;;;;;;;;;;;;;;;;
LB Lite;Brown;28;1.757;1.849;1.942;2.496;2.627;2.759;;;;;;;;;;;;;;;;;;;;
LB Lite;Brown;29;1.762;1.855;1.948;2.524;2.657;2.790;;;;;;;;;;;;;;;;;;;;
LB Lite;Brown;30;1.769;1.862;1.955;2.543;2.677;2.811;;;;;;;;;;;;;;;;;;;;
LB Lite;Brown;31;1.772;1.865;1.958;2.557;2.691;2.826;;;;;;;;;;;;;;;;;;;;
LB Lite;Brown;32;1.775;1.868;1.961;2.570;2.706;2.841;;;;;;;;;;;;;;;;;;;;
LB Lite;Brown;33;1.777;1.871;1.964;2.584;2.720;2.856;;;;;;;;;;;;;;;;;;;;
LB Lite;Brown;34;1.780;1.874;1.968;2.598;2.735;2.871;;;;;;;;;;;;;;;;;;;;
LB Lite;Brown;35;1.783;1.877;1.971;2.612;2.749;2.886;;;;;;;;;;;;;;;;;;;;
LB Lite;Brown;36;1.786;1.880;1.974;2.625;2.763;2.902;;;;;;;;;;;;;;;;;;;;
LB Lite;Brown;37;1.789;1.883;1.977;2.639;2.778;2.917;;;;;;;;;;;;;;;;;;;;
LB Lite;Brown;38;1.791;1.886;1.980;2.653;2.792;2.932;;;;;;;;;;;;;;;;;;;;
LB Lite;Brown;39;1.794;1.889;1.983;2.666;2.807;2.947;;;;;;;;;;;;;;;;;;;;
LB Lite;Brown;40;1.796;1.890;1.985;2.680;2.821;2.962;;;;;;;;;;;;;;;;;;;;
LB Lite;Brown;41;1.799;1.893;1.988;2.687;2.828;2.970;;;;;;;;;;;;;;;;;;;;
LB Lite;Brown;42;1.800;1.895;1.990;2.694;2.836;2.978;;;;;;;;;;;;;;;;;;;;
LB Lite;Brown;43;1.803;1.898;1.993;2.701;2.843;2.985;;;;;;;;;;;;;;;;;;;;
LB Lite;Brown;44;1.805;1.900;1.995;2.708;2.851;2.993;;;;;;;;;;;;;;;;;;;;
LB Lite;Brown;45;1.808;1.903;1.998;2.715;2.858;3.001;;;;;;;;;;;;;;;;;;;;
LB Lite;Brown;46;1.811;1.906;2.001;2.722;2.866;3.009;;;;;;;;;;;;;;;;;;;;
LB Lite;Brown;47;1.812;1.908;2.003;2.729;2.873;3.017;;;;;;;;;;;;;;;;;;;;
LB Lite;Brown;48;1.814;1.910;2.005;2.737;2.881;3.025;;;;;;;;;;;;;;;;;;;;
LB Lite;Brown;49;1.817;1.913;2.008;2.744;2.888;3.032;;;;;;;;;;;;;;;;;;;;
LB Lite;Brown;50;1.819;1.915;2.010;2.751;2.895;3.040;;;;;;;;;;;;;;;;;;;;
LB Lite;Brown;51;1.823;1.919;2.014;2.758;2.903;3.048;;;;;;;;;;;;;;;;;;;;
LB Lite;Brown;52;1.824;1.919;2.015;2.765;2.910;3.056;;;;;;;;;;;;;;;;;;;;
LB Lite;Brown;53;1.827;1.923;2.020;2.772;2.918;3.064;;;;;;;;;;;;;;;;;;;;
LB Lite;Brown;54;1.829;1.925;2.022;2.779;2.925;3.072;;;;;;;;;;;;;;;;;;;;
LB Lite;Brown;55;1.831;1.927;2.024;2.786;2.933;3.079;;;;;;;;;;;;;;;;;;;;
LB Lite;Brown;56;1.833;1.929;2.026;2.793;2.940;3.087;;;;;;;;;;;;;;;;;;;;
LB Lite;Brown;57;1.836;1.932;2.029;2.800;2.948;3.095;;;;;;;;;;;;;;;;;;;;
LB Lite;Brown;58;1.837;1.934;2.031;2.807;2.955;3.103;;;;;;;;;;;;;;;;;;;;
LB Lite;Brown;59;1.840;1.937;2.034;2.814;2.963;3.111;;;;;;;;;;;;;;;;;;;;
LB Lite;Brown;60;1.842;1.939;2.036;2.821;2.970;3.118;;;;;;;;;;;;;;;;;;;;
LB Lite;Brown;61;1.845;1.942;2.039;2.827;2.976;3.125;;;;;;;;;;;;;;;;;;;;
LB Lite;Brown;62;1.848;1.945;2.042;2.831;2.980;3.129;;;;;;;;;;;;;;;;;;;;
LB Lite;Brown;63;1.849;1.947;2.044;2.831;2.980;3.129;;;;;;;;;;;;;;;;;;;;
LB Lite;Brown;64;1.851;1.949;2.046;2.831;2.980;3.129;;;;;;;;;;;;;;;;;;;;
LB Lite;Brown;65;1.854;1.952;2.049;2.831;2.980;3.129;;;;;;;;;;;;;;;;;;;;
LB Lite;Brown;66;1.856;1.954;2.051;2.831;2.980;3.129;;;;;;;;;;;;;;;;;;;;
LB Lite;Brown;67;1.859;1.957;2.054;2.831;2.980;3.129;;;;;;;;;;;;;;;;;;;;
LB Lite;Brown;68;1.861;1.958;2.056;2.831;2.980;3.129;;;;;;;;;;;;;;;;;;;;
LB Lite;Brown;69;1.863;1.961;2.059;2.831;2.980;3.129;;;;;;;;;;;;;;;;;;;;
LB Lite;Brown;70;1.866;1.964;2.063;2.831;2.980;3.129;;;;;;;;;;;;;;;;;;;;
LB Lite;Brown;71;1.868;1.966;2.065;2.831;2.980;3.129;;;;;;;;;;;;;;;;;;;;
LB Lite;Brown;72;1.869;1.967;2.066;2.831;2.980;3.129;;;;;;;;;;;;;;;;;;;;
LB Lite;Brown;73;1.870;1.968;2.067;2.831;2.980;3.129;;;;;;;;;;;;;;;;;;;;
LB Lite;Brown;74;1.871;1.969;2.068;2.831;2.980;3.129;;;;;;;;;;;;;;;;;;;;
LB Lite;Brown;75;1.872;1.970;2.069;2.831;2.980;3.129;;;;;;;;;;;;;;;;;;;;
LB Tradition;Brown;1;63;66;69;63;66;69;;;;;;;;;;;;;;;;;;;;
LB Tradition;Brown;2;125;132;138;140;147;155;;;;;;;;;;;;;;;;;;;;
LB Tradition;Brown;3;186;195;205;236;249;261;;;;;;;;;;;;;;;;;;;;
LB Tradition;Brown;4;257;271;284;333;350;368;;;;;;;;;;;;;;;;;;;;
LB Tradition;Brown;5;335;353;371;429;452;475;;;;;;;;;;;;;;;;;;;;
LB Tradition;Brown;6;423;445;467;536;564;592;;;;;;;;;;;;;;;;;;;;
LB Tradition;Brown;7;511;538;565;651;686;720;;;;;;;;;;;;;;;;;;;;
LB Tradition;Brown;8;606;638;670;767;808;848;;;;;;;;;;;;;;;;;;;;
LB Tradition;Brown;9;703;740;777;883;929;976;;;;;;;;;;;;;;;;;;;;
LB Tradition;Brown;10;794;836;877;999;1.051;1.104;;;;;;;;;;;;;;;;;;;;
LB Tradition;Brown;11;879;925;971;1.115;1.173;1.232;;;;;;;;;;;;;;;;;;;;
LB Tradition;Brown;12;967;1.018;1.069;1.230;1.295;1.360;;;;;;;;;;;;;;;;;;;;
LB Tradition;Brown;13;1.049;1.104;1.159;1.346;1.417;1.488;;;;;;;;;;;;;;;;;;;;
LB Tradition;Brown;14;1.126;1.185;1.244;1.462;1.539;1.616;;;;;;;;;;;;;;;;;;;;
LB Tradition;Brown;15;1.202;1.266;1.329;1.578;1.661;1.744;;;;;;;;;;;;;;;;;;;;
LB Tradition;Brown;16;1.273;1.340;1.407;1.694;1.783;1.872;;;;;;;;;;;;;;;;;;;;
LB Tradition;Brown;17;1.339;1.410;1.480;1.805;1.900;1.995;;;;;;;;;;;;;;;;;;;;
LB Tradition;Brown;18;1.409;1.483;1.557;1.916;2.016;2.117;;;;;;;;;;;;;;;;;;;;
LB Tradition;Brown;19;1.475;1.552;1.630;2.027;2.133;2.240;;;;;;;;;;;;;;;;;;;;
LB Tradition;Brown;20;1.539;1.620;1.701;2.120;2.232;2.343;;;;;;;;;;;;;;;;;;;;
LB Tradition;Brown;21;1.592;1.676;1.760;2.197;2.313;2.428;;;;;;;;;;;;;;;;;;;;
LB Tradition;Brown;22;1.643;1.729;1.816;2.264;2.383;2.503;;;;;;;;;;;;;;;;;;;;
LB Tradition;Brown;23;1.688;1.777;1.866;2.322;2.444;2.566;;;;;;;;;;;;;;;;;;;;
LB Tradition;Brown;24;1.724;1.815;1.905;2.375;2.500;2.624;;;;;;;;;;;;;;;;;;;;
LB Tradition;Brown;25;1.750;1.842;1.935;2.422;2.550;2.677;;;;;;;;;;;;;;;;;;;;
LB Tradition;Brown;26;1.768;1.861;1.954;2.466;2.595;2.725;;;;;;;;;;;;;;;;;;;;
LB Tradition;Brown;27;1.780;1.874;1.968;2.504;2.636;2.768;;;;;;;;;;;;;;;;;;;;
LB Tradition;Brown;28;1.788;1.882;1.976;2.538;2.671;2.805;;;;;;;;;;;;;;;;;;;;
LB Tradition;Brown;29;1.794;1.888;1.983;2.566;2.701;2.837;;;;;;;;;;;;;;;;;;;;
LB Tradition;Brown;30;1.800;1.895;1.990;2.586;2.722;2.858;;;;;;;;;;;;;;;;;;;;
LB Tradition;Brown;31;1.803;1.898;1.993;2.600;2.736;2.873;;;;;;;;;;;;;;;;;;;;
LB Tradition;Brown;32;1.806;1.901;1.996;2.613;2.751;2.889;;;;;;;;;;;;;;;;;;;;
LB Tradition;Brown;33;1.809;1.904;1.999;2.627;2.766;2.904;;;;;;;;;;;;;;;;;;;;
LB Tradition;Brown;34;1.812;1.907;2.002;2.641;2.780;2.919;;;;;;;;;;;;;;;;;;;;
LB Tradition;Brown;35;1.815;1.910;2.006;2.655;2.795;2.935;;;;;;;;;;;;;;;;;;;;
LB Tradition;Brown;36;1.817;1.913;2.009;2.669;2.810;2.950;;;;;;;;;;;;;;;;;;;;
LB Tradition;Brown;37;1.820;1.916;2.012;2.683;2.824;2.965;;;;;;;;;;;;;;;;;;;;
LB Tradition;Brown;38;1.823;1.919;2.015;2.697;2.839;2.981;;;;;;;;;;;;;;;;;;;;
LB Tradition;Brown;39;1.826;1.922;2.018;2.711;2.853;2.996;;;;;;;;;;;;;;;;;;;;
LB Tradition;Brown;40;1.828;1.924;2.020;2.725;2.868;3.012;;;;;;;;;;;;;;;;;;;;
LB Tradition;Brown;41;1.830;1.927;2.023;2.732;2.876;3.019;;;;;;;;;;;;;;;;;;;;
LB Tradition;Brown;42;1.832;1.929;2.025;2.739;2.883;3.027;;;;;;;;;;;;;;;;;;;;
LB Tradition;Brown;43;1.835;1.932;2.028;2.746;2.891;3.035;;;;;;;;;;;;;;;;;;;;
LB Tradition;Brown;44;1.837;1.934;2.030;2.753;2.898;3.043;;;;;;;;;;;;;;;;;;;;
LB Tradition;Brown;45;1.840;1.937;2.033;2.761;2.906;3.051;;;;;;;;;;;;;;;;;;;;
LB Tradition;Brown;46;1.843;1.940;2.037;2.768;2.914;3.059;;;;;;;;;;;;;;;;;;;;
LB Tradition;Brown;47;1.845;1.942;2.039;2.775;2.921;3.067;;;;;;;;;;;;;;;;;;;;
LB Tradition;Brown;48;1.846;1.944;2.041;2.782;2.929;3.075;;;;;;;;;;;;;;;;;;;;
LB Tradition;Brown;49;1.849;1.947;2.044;2.789;2.936;3.083;;;;;;;;;;;;;;;;;;;;
LB Tradition;Brown;50;1.851;1.949;2.046;2.797;2.944;3.091;;;;;;;;;;;;;;;;;;;;
LB Tradition;Brown;51;1.855;1.952;2.050;2.804;2.951;3.099;;;;;;;;;;;;;;;;;;;;
LB Tradition;Brown;52;1.856;1.953;2.051;2.811;2.959;3.107;;;;;;;;;;;;;;;;;;;;
LB Tradition;Brown;53;1.860;1.957;2.055;2.818;2.967;3.115;;;;;;;;;;;;;;;;;;;;
LB Tradition;Brown;54;1.861;1.959;2.057;2.825;2.974;3.123;;;;;;;;;;;;;;;;;;;;
LB Tradition;Brown;55;1.863;1.961;2.059;2.833;2.982;3.131;;;;;;;;;;;;;;;;;;;;
LB Tradition;Brown;56;1.865;1.963;2.062;2.840;2.989;3.139;;;;;;;;;;;;;;;;;;;;
LB Tradition;Brown;57;1.868;1.966;2.065;2.847;2.997;3.147;;;;;;;;;;;;;;;;;;;;
LB Tradition;Brown;58;1.870;1.968;2.067;2.854;3.004;3.155;;;;;;;;;;;;;;;;;;;;
LB Tradition;Brown;59;1.873;1.971;2.070;2.861;3.012;3.163;;;;;;;;;;;;;;;;;;;;
LB Tradition;Brown;60;1.875;1.973;2.072;2.869;3.020;3.171;;;;;;;;;;;;;;;;;;;;
LB Tradition;Brown;61;1.877;1.976;2.075;2.874;3.026;3.177;;;;;;;;;;;;;;;;;;;;
LB Tradition;Brown;62;1.880;1.979;2.078;2.878;3.030;3.181;;;;;;;;;;;;;;;;;;;;
LB Tradition;Brown;63;1.882;1.981;2.080;2.878;3.030;3.181;;;;;;;;;;;;;;;;;;;;
LB Tradition;Brown;64;1.884;1.983;2.082;2.878;3.030;3.181;;;;;;;;;;;;;;;;;;;;
LB Tradition;Brown;65;1.887;1.986;2.086;2.878;3.030;3.181;;;;;;;;;;;;;;;;;;;;
LB Tradition;Brown;66;1.889;1.988;2.088;2.878;3.030;3.181;;;;;;;;;;;;;;;;;;;;
LB Tradition;Brown;67;1.892;1.991;2.091;2.878;3.030;3.181;;;;;;;;;;;;;;;;;;;;
LB Tradition;Brown;68;1.893;1.993;2.093;2.878;3.030;3.181;;;;;;;;;;;;;;;;;;;;
LB Tradition;Brown;69;1.896;1.996;2.096;2.878;3.030;3.181;;;;;;;;;;;;;;;;;;;;
LB Tradition;Brown;70;1.899;1.999;2.099;2.878;3.030;3.181;;;;;;;;;;;;;;;;;;;;
LB Tradition;Brown;71;1.901;2.001;2.101;2.878;3.030;3.181;;;;;;;;;;;;;;;;;;;;
LB Tradition;Brown;72;1.902;2.002;2.102;2.878;3.030;3.181;;;;;;;;;;;;;;;;;;;;
LB Tradition;Brown;73;1.903;2.003;2.103;2.878;3.030;3.181;;;;;;;;;;;;;;;;;;;;
LB Tradition;Brown;74;1.904;2.004;2.104;2.878;3.030;3.181;;;;;;;;;;;;;;;;;;;;
LB Tradition;Brown;75;1.905;2.005;2.105;2.878;3.030;3.181;;;;;;;;;;;;;;;;;;;;
LSL Classic;White;1;62;65;68;67;70;74;;;;;;;;;;;;;;;;;;;;
LSL Classic;White;2;124;130;137;133;140;147;;;;;;;;;;;;;;;;;;;;
LSL Classic;White;3;181;190;200;190;200;210;;;;;;;;;;;;;;;;;;;;
LSL Classic;White;4;238;250;263;247;260;273;;;;;;;;;;;;;;;;;;;;
LSL Classic;White;5;304;320;336;323;340;357;;;;;;;;;;;;;;;;;;;;
LSL Classic;White;6;380;400;420;409;430;452;;;;;;;;;;;;;;;;;;;;
LSL Classic;White;7;461;485;509;504;530;557;;;;;;;;;;;;;;;;;;;;
LSL Classic;White;8;542;570;599;627;660;693;;;;;;;;;;;;;;;;;;;;
LSL Classic;White;9;618;650;683;746;785;824;;;;;;;;;;;;;;;;;;;;
LSL Classic;White;10;694;730;767;860;905;950;;;;;;;;;;;;;;;;;;;;
LSL Classic;White;11;770;810;851;969;1.020;1.071;;;;;;;;;;;;;;;;;;;;
LSL Classic;White;12;836;880;924;1.064;1.120;1.176;;;;;;;;;;;;;;;;;;;;
LSL Classic;White;13;898;945;992;1.150;1.210;1.271;;;;;;;;;;;;;;;;;;;;
LSL Classic;White;14;955;1.005;1.055;1.230;1.295;1.360;;;;;;;;;;;;;;;;;;;;
LSL Classic;White;15;1.012;1.065;1.118;1.306;1.375;1.444;;;;;;;;;;;;;;;;;;;;
LSL Classic;White;16;1.064;1.120;1.176;1.378;1.450;1.523;;;;;;;;;;;;;;;;;;;;
LSL Classic;White;17;1.112;1.170;1.229;1.444;1.520;1.596;;;;;;;;;;;;;;;;;;;;
LSL Classic;White;18;1.159;1.220;1.281;1.506;1.585;1.664;;;;;;;;;;;;;;;;;;;;
LSL Classic;White;19;1.207;1.270;1.334;1.563;1.645;1.727;;;;;;;;;;;;;;;;;;;;
LSL Classic;White;20;1.254;1.320;1.386;1.634;1.720;1.806;;;;;;;;;;;;;;;;;;;;
LSL Classic;White;21;1.302;1.370;1.439;1.701;1.790;1.880;;;;;;;;;;;;;;;;;;;;
LSL Classic;White;22;1.349;1.420;1.491;1.762;1.855;1.948;;;;;;;;;;;;;;;;;;;;
LSL Classic;White;23;1.387;1.460;1.533;1.819;1.915;2.011;;;;;;;;;;;;;;;;;;;;
LSL Classic;White;24;1.425;1.500;1.575;1.872;1.970;2.069;;;;;;;;;;;;;;;;;;;;
LSL Classic;White;25;1.458;1.535;1.612;1.919;2.020;2.121;;;;;;;;;;;;;;;;;;;;
LSL Classic;White;26;1.487;1.565;1.643;1.962;2.065;2.168;;;;;;;;;;;;;;;;;;;;
LSL Classic;White;27;1.511;1.590;1.670;2.000;2.105;2.210;;;;;;;;;;;;;;;;;;;;
LSL Classic;White;28;1.530;1.610;1.691;2.033;2.140;2.247;;;;;;;;;;;;;;;;;;;;
LSL Classic;White;29;1.549;1.630;1.712;2.062;2.170;2.279;;;;;;;;;;;;;;;;;;;;
LSL Classic;White;30;1.558;1.640;1.722;2.085;2.195;2.305;;;;;;;;;;;;;;;;;;;;
LSL Classic;White;31;1.566;1.648;1.730;2.104;2.215;2.326;;;;;;;;;;;;;;;;;;;;
LSL Classic;White;32;1.571;1.654;1.737;2.114;2.225;2.336;;;;;;;;;;;;;;;;;;;;
LSL Classic;White;33;1.575;1.658;1.741;2.119;2.230;2.342;;;;;;;;;;;;;;;;;;;;
LSL Classic;White;34;1.577;1.660;1.743;2.122;2.234;2.346;;;;;;;;;;;;;;;;;;;;
LSL Classic;White;35;1.579;1.662;1.745;2.125;2.237;2.349;;;;;;;;;;;;;;;;;;;;
LSL Classic;White;36;1.581;1.664;1.747;2.128;2.240;2.352;;;;;;;;;;;;;;;;;;;;
LSL Classic;White;37;1.583;1.666;1.749;2.131;2.243;2.355;;;;;;;;;;;;;;;;;;;;
LSL Classic;White;38;1.585;1.668;1.751;2.134;2.246;2.358;;;;;;;;;;;;;;;;;;;;
LSL Classic;White;39;1.587;1.670;1.754;2.137;2.249;2.361;;;;;;;;;;;;;;;;;;;;
LSL Classic;White;40;1.588;1.672;1.756;2.139;2.252;2.365;;;;;;;;;;;;;;;;;;;;
LSL Classic;White;41;1.590;1.674;1.758;2.142;2.255;2.368;;;;;;;;;;;;;;;;;;;;
LSL Classic;White;42;1.592;1.676;1.760;2.145;2.258;2.371;;;;;;;;;;;;;;;;;;;;
LSL Classic;White;43;1.594;1.678;1.762;2.148;2.261;2.374;;;;;;;;;;;;;;;;;;;;
LSL Classic;White;44;1.596;1.680;1.764;2.151;2.264;2.377;;;;;;;;;;;;;;;;;;;;
LSL Classic;White;45;1.598;1.682;1.766;2.154;2.267;2.380;;;;;;;;;;;;;;;;;;;;
LSL Classic;White;46;1.600;1.684;1.768;2.157;2.270;2.384;;;;;;;;;;;;;;;;;;;;
LSL Classic;White;47;1.602;1.686;1.770;2.159;2.273;2.387;;;;;;;;;;;;;;;;;;;;
LSL Classic;White;48;1.604;1.688;1.772;2.162;2.276;2.390;;;;;;;;;;;;;;;;;;;;
LSL Classic;White;49;1.606;1.690;1.775;2.165;2.279;2.393;;;;;;;;;;;;;;;;;;;;
LSL Classic;White;50;1.607;1.692;1.777;2.168;2.282;2.396;;;;;;;;;;;;;;;;;;;;
LSL Classic;White;51;1.609;1.694;1.779;2.171;2.285;2.399;;;;;;;;;;;;;;;;;;;;
LSL Classic;White;52;1.611;1.696;1.781;2.174;2.288;2.402;;;;;;;;;;;;;;;;;;;;
LSL Classic;White;53;1.613;1.698;1.783;2.176;2.290;2.405;;;;;;;;;;;;;;;;;;;;
LSL Classic;White;54;1.615;1.700;1.785;2.177;2.292;2.407;;;;;;;;;;;;;;;;;;;;
LSL Classic;White;55;1.617;1.702;1.787;2.179;2.294;2.409;;;;;;;;;;;;;;;;;;;;
LSL Classic;White;56;1.619;1.704;1.789;2.181;2.296;2.411;;;;;;;;;;;;;;;;;;;;
LSL Classic;White;57;1.621;1.706;1.791;2.183;2.298;2.413;;;;;;;;;;;;;;;;;;;;
LSL Classic;White;58;1.623;1.708;1.793;2.185;2.300;2.415;;;;;;;;;;;;;;;;;;;;
LSL Classic;White;59;1.625;1.710;1.796;2.187;2.302;2.417;;;;;;;;;;;;;;;;;;;;
LSL Classic;White;60;1.626;1.712;1.798;2.189;2.304;2.419;;;;;;;;;;;;;;;;;;;;
LSL Classic;White;61;1.627;1.713;1.799;2.191;2.306;2.421;;;;;;;;;;;;;;;;;;;;
LSL Classic;White;62;1.628;1.714;1.800;2.193;2.308;2.423;;;;;;;;;;;;;;;;;;;;
LSL Classic;White;63;1.629;1.715;1.801;2.195;2.310;2.426;;;;;;;;;;;;;;;;;;;;
LSL Classic;White;64;1.630;1.716;1.802;2.196;2.312;2.428;;;;;;;;;;;;;;;;;;;;
LSL Classic;White;65;1.631;1.717;1.803;2.198;2.314;2.430;;;;;;;;;;;;;;;;;;;;
LSL Classic;White;66;1.632;1.718;1.804;2.200;2.316;2.432;;;;;;;;;;;;;;;;;;;;
LSL Classic;White;67;1.633;1.719;1.805;2.202;2.318;2.434;;;;;;;;;;;;;;;;;;;;
LSL Classic;White;68;1.634;1.720;1.806;2.204;2.320;2.436;;;;;;;;;;;;;;;;;;;;
LSL Classic;White;69;1.635;1.721;1.807;2.206;2.322;2.438;;;;;;;;;;;;;;;;;;;;
LSL Classic;White;70;1.636;1.722;1.808;2.208;2.324;2.440;;;;;;;;;;;;;;;;;;;;
LSL Classic;White;71;1.637;1.723;1.809;2.210;2.326;2.442;;;;;;;;;;;;;;;;;;;;
LSL Classic;White;72;1.638;1.724;1.810;2.212;2.328;2.444;;;;;;;;;;;;;;;;;;;;
LSL Classic;White;73;1.639;1.725;1.811;2.214;2.330;2.447;;;;;;;;;;;;;;;;;;;;
LSL Classic;White;74;1.640;1.726;1.812;2.215;2.332;2.449;;;;;;;;;;;;;;;;;;;;
LSL Classic;White;75;1.641;1.727;1.813;2.217;2.334;2.451;;;;;;;;;;;;;;;;;;;;
LSL Extra;White;1;63;66;69;67;70;74;;;;;;;;;;;;;;;;;;;;
LSL Extra;White;2;126;132;139;134;141;148;;;;;;;;;;;;;;;;;;;;
LSL Extra;White;3;184;193;203;191;201;211;;;;;;;;;;;;;;;;;;;;
LSL Extra;White;4;241;254;267;249;262;275;;;;;;;;;;;;;;;;;;;;
LSL Extra;White;5;309;325;342;325;342;359;;;;;;;;;;;;;;;;;;;;
LSL Extra;White;6;386;407;427;411;433;454;;;;;;;;;;;;;;;;;;;;
LSL Extra;White;7;468;493;518;507;533;560;;;;;;;;;;;;;;;;;;;;
LSL Extra;White;8;551;580;609;631;664;698;;;;;;;;;;;;;;;;;;;;
LSL Extra;White;9;628;661;694;751;790;830;;;;;;;;;;;;;;;;;;;;
LSL Extra;White;10;705;742;779;865;911;956;;;;;;;;;;;;;;;;;;;;
LSL Extra;White;11;782;824;865;975;1.027;1.078;;;;;;;;;;;;;;;;;;;;
LSL Extra;White;12;850;895;940;1.071;1.127;1.184;;;;;;;;;;;;;;;;;;;;
LSL Extra;White;13;913;961;1.009;1.157;1.218;1.279;;;;;;;;;;;;;;;;;;;;
LSL Extra;White;14;971;1.022;1.073;1.238;1.303;1.369;;;;;;;;;;;;;;;;;;;;
LSL Extra;White;15;1.029;1.083;1.137;1.315;1.384;1.453;;;;;;;;;;;;;;;;;;;;
LSL Extra;White;16;1.082;1.139;1.196;1.386;1.459;1.532;;;;;;;;;;;;;;;;;;;;
LSL Extra;White;17;1.130;1.190;1.249;1.453;1.530;1.606;;;;;;;;;;;;;;;;;;;;
LSL Extra;White;18;1.178;1.240;1.303;1.516;1.595;1.675;;;;;;;;;;;;;;;;;;;;
LSL Extra;White;19;1.227;1.291;1.356;1.582;1.666;1.749;;;;;;;;;;;;;;;;;;;;
LSL Extra;White;20;1.275;1.342;1.409;1.645;1.732;1.818;;;;;;;;;;;;;;;;;;;;
LSL Extra;White;21;1.320;1.389;1.459;1.712;1.802;1.892;;;;;;;;;;;;;;;;;;;;
LSL Extra;White;22;1.359;1.431;1.502;1.774;1.868;1.961;;;;;;;;;;;;;;;;;;;;
LSL Extra;White;23;1.397;1.471;1.544;1.832;1.928;2.024;;;;;;;;;;;;;;;;;;;;
LSL Extra;White;24;1.436;1.511;1.587;1.884;1.983;2.083;;;;;;;;;;;;;;;;;;;;
LSL Extra;White;25;1.469;1.547;1.624;1.932;2.034;2.135;;;;;;;;;;;;;;;;;;;;
LSL Extra;White;26;1.498;1.577;1.656;1.975;2.079;2.183;;;;;;;;;;;;;;;;;;;;
LSL Extra;White;27;1.522;1.602;1.682;2.013;2.119;2.225;;;;;;;;;;;;;;;;;;;;
LSL Extra;White;28;1.541;1.622;1.703;2.047;2.155;2.262;;;;;;;;;;;;;;;;;;;;
LSL Extra;White;29;1.560;1.642;1.724;2.076;2.185;2.294;;;;;;;;;;;;;;;;;;;;
LSL Extra;White;30;1.570;1.652;1.735;2.099;2.210;2.320;;;;;;;;;;;;;;;;;;;;
LSL Extra;White;31;1.577;1.660;1.743;2.119;2.230;2.342;;;;;;;;;;;;;;;;;;;;
LSL Extra;White;32;1.583;1.666;1.750;2.128;2.240;2.352;;;;;;;;;;;;;;;;;;;;
LSL Extra;White;33;1.587;1.670;1.754;2.133;2.245;2.357;;;;;;;;;;;;;;;;;;;;
LSL Extra;White;34;1.589;1.672;1.756;2.137;2.249;2.362;;;;;;;;;;;;;;;;;;;;
LSL Extra;White;35;1.591;1.674;1.758;2.140;2.252;2.365;;;;;;;;;;;;;;;;;;;;
LSL Extra;White;36;1.593;1.676;1.760;2.142;2.255;2.368;;;;;;;;;;;;;;;;;;;;
LSL Extra;White;37;1.595;1.678;1.762;2.145;2.258;2.371;;;;;;;;;;;;;;;;;;;;
LSL Extra;White;38;1.596;1.681;1.765;2.148;2.261;2.374;;;;;;;;;;;;;;;;;;;;
LSL Extra;White;39;1.598;1.683;1.767;2.151;2.264;2.378;;;;;;;;;;;;;;;;;;;;
LSL Extra;White;40;1.600;1.685;1.769;2.154;2.267;2.381;;;;;;;;;;;;;;;;;;;;
LSL Extra;White;41;1.602;1.687;1.771;2.157;2.270;2.384;;;;;;;;;;;;;;;;;;;;
LSL Extra;White;42;1.604;1.689;1.773;2.160;2.273;2.387;;;;;;;;;;;;;;;;;;;;
LSL Extra;White;43;1.606;1.691;1.775;2.163;2.276;2.390;;;;;;;;;;;;;;;;;;;;
LSL Extra;White;44;1.608;1.693;1.777;2.165;2.279;2.393;;;;;;;;;;;;;;;;;;;;
LSL Extra;White;45;1.610;1.695;1.779;2.168;2.282;2.397;;;;;;;;;;;;;;;;;;;;
LSL Extra;White;46;1.612;1.697;1.781;2.171;2.285;2.400;;;;;;;;;;;;;;;;;;;;
LSL Extra;White;47;1.614;1.699;1.784;2.174;2.288;2.403;;;;;;;;;;;;;;;;;;;;
LSL Extra;White;48;1.616;1.701;1.786;2.177;2.291;2.406;;;;;;;;;;;;;;;;;;;;
LSL Extra;White;49;1.618;1.703;1.788;2.180;2.294;2.409;;;;;;;;;;;;;;;;;;;;
LSL Extra;White;50;1.619;1.705;1.790;2.183;2.298;2.412;;;;;;;;;;;;;;;;;;;;
LSL Extra;White;51;1.621;1.707;1.792;2.186;2.301;2.416;;;;;;;;;;;;;;;;;;;;
LSL Extra;White;52;1.623;1.709;1.794;2.188;2.304;2.419;;;;;;;;;;;;;;;;;;;;
LSL Extra;White;53;1.625;1.711;1.796;2.190;2.306;2.421;;;;;;;;;;;;;;;;;;;;
LSL Extra;White;54;1.627;1.713;1.798;2.192;2.308;2.423;;;;;;;;;;;;;;;;;;;;
LSL Extra;White;55;1.629;1.715;1.801;2.194;2.310;2.425;;;;;;;;;;;;;;;;;;;;
LSL Extra;White;56;1.631;1.717;1.803;2.196;2.312;2.427;;;;;;;;;;;;;;;;;;;;
LSL Extra;White;57;1.633;1.719;1.805;2.198;2.314;2.429;;;;;;;;;;;;;;;;;;;;
LSL Extra;White;58;1.635;1.721;1.807;2.200;2.316;2.431;;;;;;;;;;;;;;;;;;;;
LSL Extra;White;59;1.637;1.723;1.809;2.202;2.318;2.434;;;;;;;;;;;;;;;;;;;;
LSL Extra;White;60;1.639;1.725;1.811;2.204;2.320;2.436;;;;;;;;;;;;;;;;;;;;
LSL Extra;White;61;1.640;1.726;1.812;2.206;2.322;2.438;;;;;;;;;;;;;;;;;;;;
LSL Extra;White;62;1.641;1.727;1.813;2.208;2.324;2.440;;;;;;;;;;;;;;;;;;;;
LSL Extra;White;63;1.641;1.728;1.814;2.209;2.326;2.442;;;;;;;;;;;;;;;;;;;;
LSL Extra;White;64;1.642;1.729;1.815;2.211;2.328;2.444;;;;;;;;;;;;;;;;;;;;
LSL Extra;White;65;1.643;1.730;1.816;2.213;2.330;2.446;;;;;;;;;;;;;;;;;;;;
LSL Extra;White;66;1.644;1.731;1.817;2.215;2.332;2.448;;;;;;;;;;;;;;;;;;;;
LSL Extra;White;67;1.645;1.732;1.818;2.217;2.334;2.450;;;;;;;;;;;;;;;;;;;;
LSL Extra;White;68;1.646;1.733;1.820;2.219;2.336;2.453;;;;;;;;;;;;;;;;;;;;
LSL Extra;White;69;1.647;1.734;1.821;2.221;2.338;2.455;;;;;;;;;;;;;;;;;;;;
LSL Extra;White;70;1.648;1.735;1.822;2.223;2.340;2.457;;;;;;;;;;;;;;;;;;;;
LSL Extra;White;71;1.649;1.736;1.823;2.225;2.342;2.459;;;;;;;;;;;;;;;;;;;;
LSL Extra;White;72;1.650;1.737;1.824;2.227;2.344;2.461;;;;;;;;;;;;;;;;;;;;
LSL Extra;White;73;1.651;1.738;1.825;2.229;2.346;2.463;;;;;;;;;;;;;;;;;;;;
LSL Extra;White;74;1.652;1.739;1.826;2.230;2.348;2.465;;;;;;;;;;;;;;;;;;;;
LSL Extra;White;75;1.653;1.740;1.827;2.232;2.350;2.467;;;;;;;;;;;;;;;;;;;;
LSL Lite;White;1;61;64;68;66;69;73;;;;;;;;;;;;;;;;;;;;
LSL Lite;White;2;122;129;135;131;138;145;;;;;;;;;;;;;;;;;;;;
LSL Lite;White;3;179;188;198;187;197;207;;;;;;;;;;;;;;;;;;;;
LSL Lite;White;4;235;248;260;244;257;269;;;;;;;;;;;;;;;;;;;;
LSL Lite;White;5;301;317;333;319;336;352;;;;;;;;;;;;;;;;;;;;
LSL Lite;White;6;377;397;416;403;424;446;;;;;;;;;;;;;;;;;;;;
LSL Lite;White;7;457;481;505;497;523;549;;;;;;;;;;;;;;;;;;;;
LSL Lite;White;8;537;565;593;619;651;684;;;;;;;;;;;;;;;;;;;;
LSL Lite;White;9;612;644;677;736;775;813;;;;;;;;;;;;;;;;;;;;
LSL Lite;White;10;688;724;760;848;893;938;;;;;;;;;;;;;;;;;;;;
LSL Lite;White;11;763;803;843;956;1.007;1.057;;;;;;;;;;;;;;;;;;;;
LSL Lite;White;12;829;873;916;1.050;1.105;1.160;;;;;;;;;;;;;;;;;;;;
LSL Lite;White;13;890;937;984;1.134;1.194;1.254;;;;;;;;;;;;;;;;;;;;
LSL Lite;White;14;947;996;1.046;1.214;1.278;1.342;;;;;;;;;;;;;;;;;;;;
LSL Lite;White;15;1.003;1.056;1.109;1.289;1.357;1.425;;;;;;;;;;;;;;;;;;;;
LSL Lite;White;16;1.055;1.110;1.166;1.359;1.431;1.502;;;;;;;;;;;;;;;;;;;;
LSL Lite;White;17;1.102;1.160;1.218;1.425;1.500;1.575;;;;;;;;;;;;;;;;;;;;
LSL Lite;White;18;1.149;1.210;1.270;1.486;1.564;1.642;;;;;;;;;;;;;;;;;;;;
LSL Lite;White;19;1.196;1.259;1.322;1.545;1.626;1.708;;;;;;;;;;;;;;;;;;;;
LSL Lite;White;20;1.237;1.302;1.368;1.610;1.695;1.780;;;;;;;;;;;;;;;;;;;;
LSL Lite;White;21;1.281;1.349;1.416;1.676;1.764;1.852;;;;;;;;;;;;;;;;;;;;
LSL Lite;White;22;1.328;1.398;1.468;1.737;1.828;1.919;;;;;;;;;;;;;;;;;;;;
LSL Lite;White;23;1.365;1.437;1.509;1.793;1.887;1.981;;;;;;;;;;;;;;;;;;;;
LSL Lite;White;24;1.403;1.477;1.550;1.844;1.941;2.038;;;;;;;;;;;;;;;;;;;;
LSL Lite;White;25;1.436;1.511;1.587;1.891;1.991;2.090;;;;;;;;;;;;;;;;;;;;
LSL Lite;White;26;1.464;1.541;1.618;1.933;2.035;2.137;;;;;;;;;;;;;;;;;;;;
LSL Lite;White;27;1.487;1.565;1.643;1.971;2.074;2.178;;;;;;;;;;;;;;;;;;;;
LSL Lite;White;28;1.506;1.585;1.664;2.003;2.109;2.214;;;;;;;;;;;;;;;;;;;;
LSL Lite;White;29;1.524;1.605;1.685;2.031;2.138;2.245;;;;;;;;;;;;;;;;;;;;
LSL Lite;White;30;1.534;1.614;1.695;2.055;2.163;2.271;;;;;;;;;;;;;;;;;;;;
LSL Lite;White;31;1.541;1.622;1.703;2.074;2.183;2.292;;;;;;;;;;;;;;;;;;;;
LSL Lite;White;32;1.547;1.628;1.710;2.083;2.193;2.302;;;;;;;;;;;;;;;;;;;;
LSL Lite;White;33;1.551;1.632;1.714;2.088;2.197;2.307;;;;;;;;;;;;;;;;;;;;
LSL Lite;White;34;1.552;1.634;1.716;2.091;2.201;2.311;;;;;;;;;;;;;;;;;;;;
LSL Lite;White;35;1.554;1.636;1.718;2.094;2.204;2.315;;;;;;;;;;;;;;;;;;;;
LSL Lite;White;36;1.556;1.638;1.720;2.097;2.207;2.318;;;;;;;;;;;;;;;;;;;;
LSL Lite;White;37;1.558;1.640;1.722;2.100;2.210;2.321;;;;;;;;;;;;;;;;;;;;
LSL Lite;White;38;1.560;1.642;1.724;2.103;2.213;2.324;;;;;;;;;;;;;;;;;;;;
LSL Lite;White;39;1.562;1.644;1.726;2.105;2.216;2.327;;;;;;;;;;;;;;;;;;;;
LSL Lite;White;40;1.564;1.646;1.728;2.108;2.219;2.330;;;;;;;;;;;;;;;;;;;;
LSL Lite;White;41;1.565;1.648;1.730;2.111;2.222;2.333;;;;;;;;;;;;;;;;;;;;
LSL Lite;White;42;1.567;1.650;1.732;2.114;2.225;2.336;;;;;;;;;;;;;;;;;;;;
LSL Lite;White;43;1.569;1.652;1.734;2.117;2.228;2.339;;;;;;;;;;;;;;;;;;;;
LSL Lite;White;44;1.571;1.654;1.736;2.119;2.231;2.342;;;;;;;;;;;;;;;;;;;;
LSL Lite;White;45;1.573;1.656;1.739;2.122;2.234;2.346;;;;;;;;;;;;;;;;;;;;
LSL Lite;White;46;1.575;1.658;1.741;2.125;2.237;2.349;;;;;;;;;;;;;;;;;;;;
LSL Lite;White;47;1.577;1.660;1.743;2.128;2.240;2.352;;;;;;;;;;;;;;;;;;;;
LSL Lite;White;48;1.579;1.662;1.745;2.131;2.243;2.355;;;;;;;;;;;;;;;;;;;;
LSL Lite;White;49;1.580;1.664;1.747;2.133;2.246;2.358;;;;;;;;;;;;;;;;;;;;
LSL Lite;White;50;1.582;1.666;1.749;2.136;2.249;2.361;;;;;;;;;;;;;;;;;;;;
LSL Lite;White;51;1.584;1.668;1.751;2.139;2.252;2.364;;;;;;;;;;;;;;;;;;;;
LSL Lite;White;52;1.586;1.670;1.753;2.142;2.255;2.367;;;;;;;;;;;;;;;;;;;;
LSL Lite;White;53;1.588;1.672;1.755;2.144;2.257;2.369;;;;;;;;;;;;;;;;;;;;
LSL Lite;White;54;1.590;1.673;1.757;2.146;2.259;2.371;;;;;;;;;;;;;;;;;;;;
LSL Lite;White;55;1.592;1.675;1.759;2.147;2.261;2.374;;;;;;;;;;;;;;;;;;;;
LSL Lite;White;56;1.594;1.677;1.761;2.149;2.262;2.376;;;;;;;;;;;;;;;;;;;;
LSL Lite;White;57;1.595;1.679;1.763;2.151;2.264;2.378;;;;;;;;;;;;;;;;;;;;
LSL Lite;White;58;1.597;1.681;1.765;2.153;2.266;2.380;;;;;;;;;;;;;;;;;;;;
LSL Lite;White;59;1.599;1.683;1.767;2.155;2.268;2.382;;;;;;;;;;;;;;;;;;;;
LSL Lite;White;60;1.601;1.685;1.770;2.157;2.270;2.384;;;;;;;;;;;;;;;;;;;;
LSL Lite;White;61;1.602;1.686;1.771;2.159;2.272;2.386;;;;;;;;;;;;;;;;;;;;
LSL Lite;White;62;1.603;1.687;1.772;2.161;2.274;2.388;;;;;;;;;;;;;;;;;;;;
LSL Lite;White;63;1.604;1.688;1.773;2.162;2.276;2.390;;;;;;;;;;;;;;;;;;;;
LSL Lite;White;64;1.605;1.689;1.774;2.164;2.278;2.392;;;;;;;;;;;;;;;;;;;;
LSL Lite;White;65;1.606;1.690;1.775;2.166;2.280;2.394;;;;;;;;;;;;;;;;;;;;
LSL Lite;White;66;1.607;1.691;1.776;2.168;2.282;2.396;;;;;;;;;;;;;;;;;;;;
LSL Lite;White;67;1.608;1.692;1.777;2.170;2.284;2.398;;;;;;;;;;;;;;;;;;;;
LSL Lite;White;68;1.609;1.693;1.778;2.172;2.286;2.400;;;;;;;;;;;;;;;;;;;;
LSL Lite;White;69;1.609;1.694;1.779;2.174;2.288;2.403;;;;;;;;;;;;;;;;;;;;
LSL Lite;White;70;1.610;1.695;1.780;2.176;2.290;2.405;;;;;;;;;;;;;;;;;;;;
LSL Lite;White;71;1.611;1.696;1.781;2.177;2.292;2.407;;;;;;;;;;;;;;;;;;;;
LSL Lite;White;72;1.612;1.697;1.782;2.179;2.294;2.409;;;;;;;;;;;;;;;;;;;;
LSL Lite;White;73;1.613;1.698;1.783;2.181;2.296;2.411;;;;;;;;;;;;;;;;;;;;
LSL Lite;White;74;1.614;1.699;1.784;2.183;2.298;2.413;;;;;;;;;;;;;;;;;;;;
LSL Lite;White;75;1.615;1.700;1.785;2.185;2.300;2.415;;;;;;;;;;;;;;;;;;;;
LSL Ultra Lite;White;1;61;64;67;65;69;72;;;;;;;;;;;;;;;;;;;;
LSL Ultra Lite;White;2;121;128;134;130;137;144;;;;;;;;;;;;;;;;;;;;
LSL Ultra Lite;White;3;177;187;196;186;196;206;;;;;;;;;;;;;;;;;;;;
LSL Ultra Lite;White;4;233;246;258;242;255;268;;;;;;;;;;;;;;;;;;;;
LSL Ultra Lite;White;5;299;315;330;317;333;350;;;;;;;;;;;;;;;;;;;;
LSL Ultra Lite;White;6;374;393;413;400;421;442;;;;;;;;;;;;;;;;;;;;
LSL Ultra Lite;White;7;453;477;501;493;519;545;;;;;;;;;;;;;;;;;;;;
LSL Ultra Lite;White;8;532;560;588;614;647;679;;;;;;;;;;;;;;;;;;;;
LSL Ultra Lite;White;9;607;639;671;731;769;808;;;;;;;;;;;;;;;;;;;;
LSL Ultra Lite;White;10;682;718;753;843;887;931;;;;;;;;;;;;;;;;;;;;
LSL Ultra Lite;White;11;756;796;836;950;1.000;1.050;;;;;;;;;;;;;;;;;;;;
LSL Ultra Lite;White;12;822;865;908;1.043;1.098;1.152;;;;;;;;;;;;;;;;;;;;
LSL Ultra Lite;White;13;882;929;975;1.127;1.186;1.245;;;;;;;;;;;;;;;;;;;;
LSL Ultra Lite;White;14;939;988;1.037;1.206;1.269;1.333;;;;;;;;;;;;;;;;;;;;
LSL Ultra Lite;White;15;995;1.047;1.099;1.280;1.348;1.415;;;;;;;;;;;;;;;;;;;;
LSL Ultra Lite;White;16;1.046;1.101;1.156;1.350;1.421;1.492;;;;;;;;;;;;;;;;;;;;
LSL Ultra Lite;White;17;1.093;1.150;1.208;1.415;1.490;1.564;;;;;;;;;;;;;;;;;;;;
LSL Ultra Lite;White;18;1.139;1.199;1.259;1.476;1.553;1.631;;;;;;;;;;;;;;;;;;;;
LSL Ultra Lite;White;19;1.183;1.245;1.308;1.534;1.615;1.696;;;;;;;;;;;;;;;;;;;;
LSL Ultra Lite;White;20;1.226;1.290;1.355;1.596;1.680;1.764;;;;;;;;;;;;;;;;;;;;
LSL Ultra Lite;White;21;1.266;1.333;1.400;1.661;1.749;1.836;;;;;;;;;;;;;;;;;;;;
LSL Ultra Lite;White;22;1.309;1.378;1.447;1.722;1.812;1.903;;;;;;;;;;;;;;;;;;;;
LSL Ultra Lite;White;23;1.350;1.421;1.492;1.777;1.871;1.965;;;;;;;;;;;;;;;;;;;;
LSL Ultra Lite;White;24;1.387;1.460;1.532;1.828;1.925;2.021;;;;;;;;;;;;;;;;;;;;
LSL Ultra Lite;White;25;1.419;1.494;1.568;1.875;1.974;2.072;;;;;;;;;;;;;;;;;;;;
LSL Ultra Lite;White;26;1.447;1.523;1.599;1.917;2.018;2.118;;;;;;;;;;;;;;;;;;;;
LSL Ultra Lite;White;27;1.470;1.547;1.624;1.954;2.057;2.159;;;;;;;;;;;;;;;;;;;;
LSL Ultra Lite;White;28;1.488;1.567;1.645;1.986;2.091;2.195;;;;;;;;;;;;;;;;;;;;
LSL Ultra Lite;White;29;1.507;1.586;1.665;2.014;2.120;2.226;;;;;;;;;;;;;;;;;;;;
LSL Ultra Lite;White;30;1.516;1.596;1.676;2.037;2.145;2.252;;;;;;;;;;;;;;;;;;;;
LSL Ultra Lite;White;31;1.523;1.604;1.684;2.056;2.164;2.272;;;;;;;;;;;;;;;;;;;;
LSL Ultra Lite;White;32;1.529;1.609;1.690;2.065;2.174;2.283;;;;;;;;;;;;;;;;;;;;
LSL Ultra Lite;White;33;1.533;1.613;1.694;2.070;2.179;2.288;;;;;;;;;;;;;;;;;;;;
LSL Ultra Lite;White;34;1.534;1.615;1.696;2.073;2.183;2.292;;;;;;;;;;;;;;;;;;;;
LSL Ultra Lite;White;35;1.536;1.617;1.698;2.076;2.186;2.295;;;;;;;;;;;;;;;;;;;;
LSL Ultra Lite;White;36;1.538;1.619;1.700;2.079;2.188;2.298;;;;;;;;;;;;;;;;;;;;
LSL Ultra Lite;White;37;1.540;1.621;1.702;2.082;2.191;2.301;;;;;;;;;;;;;;;;;;;;
LSL Ultra Lite;White;38;1.542;1.623;1.704;2.085;2.194;2.304;;;;;;;;;;;;;;;;;;;;
LSL Ultra Lite;White;39;1.544;1.625;1.706;2.087;2.197;2.307;;;;;;;;;;;;;;;;;;;;
LSL Ultra Lite;White;40;1.546;1.627;1.708;2.090;2.200;2.310;;;;;;;;;;;;;;;;;;;;
LSL Ultra Lite;White;41;1.547;1.629;1.710;2.093;2.203;2.313;;;;;;;;;;;;;;;;;;;;
LSL Ultra Lite;White;42;1.549;1.631;1.712;2.096;2.206;2.316;;;;;;;;;;;;;;;;;;;;
LSL Ultra Lite;White;43;1.551;1.633;1.714;2.099;2.209;2.319;;;;;;;;;;;;;;;;;;;;
LSL Ultra Lite;White;44;1.553;1.635;1.716;2.101;2.212;2.323;;;;;;;;;;;;;;;;;;;;
LSL Ultra Lite;White;45;1.555;1.637;1.718;2.104;2.215;2.326;;;;;;;;;;;;;;;;;;;;
LSL Ultra Lite;White;46;1.557;1.639;1.720;2.107;2.218;2.329;;;;;;;;;;;;;;;;;;;;
LSL Ultra Lite;White;47;1.558;1.640;1.723;2.110;2.221;2.332;;;;;;;;;;;;;;;;;;;;
LSL Ultra Lite;White;48;1.560;1.642;1.725;2.112;2.224;2.335;;;;;;;;;;;;;;;;;;;;
LSL Ultra Lite;White;49;1.562;1.644;1.727;2.115;2.227;2.338;;;;;;;;;;;;;;;;;;;;
LSL Ultra Lite;White;50;1.564;1.646;1.729;2.118;2.230;2.341;;;;;;;;;;;;;;;;;;;;
LSL Ultra Lite;White;51;1.566;1.648;1.731;2.121;2.232;2.344;;;;;;;;;;;;;;;;;;;;
LSL Ultra Lite;White;52;1.568;1.650;1.733;2.124;2.235;2.347;;;;;;;;;;;;;;;;;;;;
LSL Ultra Lite;White;53;1.570;1.652;1.735;2.125;2.237;2.349;;;;;;;;;;;;;;;;;;;;
LSL Ultra Lite;White;54;1.571;1.654;1.737;2.127;2.239;2.351;;;;;;;;;;;;;;;;;;;;
LSL Ultra Lite;White;55;1.573;1.656;1.739;2.129;2.241;2.353;;;;;;;;;;;;;;;;;;;;
LSL Ultra Lite;White;56;1.575;1.658;1.741;2.131;2.243;2.355;;;;;;;;;;;;;;;;;;;;
LSL Ultra Lite;White;57;1.577;1.660;1.743;2.133;2.245;2.357;;;;;;;;;;;;;;;;;;;;
LSL Ultra Lite;White;58;1.579;1.662;1.745;2.135;2.247;2.359;;;;;;;;;;;;;;;;;;;;
LSL Ultra Lite;White;59;1.581;1.664;1.747;2.137;2.249;2.362;;;;;;;;;;;;;;;;;;;;
LSL Ultra Lite;White;60;1.582;1.666;1.749;2.138;2.251;2.364;;;;;;;;;;;;;;;;;;;;
LSL Ultra Lite;White;61;1.583;1.667;1.750;2.140;2.253;2.366;;;;;;;;;;;;;;;;;;;;
LSL Ultra Lite;White;62;1.584;1.668;1.751;2.142;2.255;2.368;;;;;;;;;;;;;;;;;;;;
LSL Ultra Lite;White;63;1.585;1.669;1.752;2.144;2.257;2.370;;;;;;;;;;;;;;;;;;;;
LSL Ultra Lite;White;64;1.586;1.670;1.753;2.146;2.259;2.372;;;;;;;;;;;;;;;;;;;;
LSL Ultra Lite;White;65;1.587;1.671;1.754;2.148;2.261;2.374;;;;;;;;;;;;;;;;;;;;
LSL Ultra Lite;White;66;1.588;1.672;1.755;2.150;2.263;2.376;;;;;;;;;;;;;;;;;;;;
LSL Ultra Lite;White;67;1.589;1.673;1.756;2.151;2.265;2.378;;;;;;;;;;;;;;;;;;;;
LSL Ultra Lite;White;68;1.590;1.674;1.757;2.153;2.267;2.380;;;;;;;;;;;;;;;;;;;;
LSL Ultra Lite;White;69;1.591;1.675;1.758;2.155;2.269;2.382;;;;;;;;;;;;;;;;;;;;
LSL Ultra Lite;White;70;1.592;1.676;1.759;2.157;2.271;2.384;;;;;;;;;;;;;;;;;;;;
LSL Ultra Lite;White;71;1.593;1.676;1.760;2.159;2.273;2.386;;;;;;;;;;;;;;;;;;;;
LSL Ultra Lite;White;72;1.594;1.677;1.761;2.161;2.274;2.388;;;;;;;;;;;;;;;;;;;;
LSL Ultra Lite;White;73;1.595;1.678;1.762;2.163;2.276;2.390;;;;;;;;;;;;;;;;;;;;
LSL Ultra Lite;White;74;1.595;1.679;1.763;2.164;2.278;2.392;;;;;;;;;;;;;;;;;;;;
LSL Ultra Lite;White;75;1.596;1.680;1.764;2.166;2.280;2.394;;;;;;;;;;;;;;;;;;;;
Lohmann Sandy;Tint;1;61;64;68;61;64;68;;;;;;;;;;;;;;;;;;;;
Lohmann Sandy;Tint;2;122;129;135;136;143;151;;;;;;;;;;;;;;;;;;;;
Lohmann Sandy;Tint;3;179;188;198;230;242;254;;;;;;;;;;;;;;;;;;;;
Lohmann Sandy;Tint;4;235;248;260;324;341;358;;;;;;;;;;;;;;;;;;;;
Lohmann Sandy;Tint;5;301;317;333;418;440;462;;;;;;;;;;;;;;;;;;;;
Lohmann Sandy;Tint;6;377;397;416;522;549;577;;;;;;;;;;;;;;;;;;;;
Lohmann Sandy;Tint;7;457;481;505;634;668;701;;;;;;;;;;;;;;;;;;;;
Lohmann Sandy;Tint;8;537;565;593;747;786;826;;;;;;;;;;;;;;;;;;;;
Lohmann Sandy;Tint;9;612;644;677;860;905;950;;;;;;;;;;;;;;;;;;;;
Lohmann Sandy;Tint;10;688;724;760;973;1.024;1.075;;;;;;;;;;;;;;;;;;;;
Lohmann Sandy;Tint;11;763;803;843;1.086;1.143;1.200;;;;;;;;;;;;;;;;;;;;
Lohmann Sandy;Tint;12;829;873;916;1.198;1.261;1.324;;;;;;;;;;;;;;;;;;;;
Lohmann Sandy;Tint;13;890;937;984;1.311;1.380;1.449;;;;;;;;;;;;;;;;;;;;
Lohmann Sandy;Tint;14;947;996;1.046;1.424;1.499;1.574;;;;;;;;;;;;;;;;;;;;
Lohmann Sandy;Tint;15;1.003;1.056;1.109;1.537;1.618;1.698;;;;;;;;;;;;;;;;;;;;
Lohmann Sandy;Tint;16;1.055;1.110;1.166;1.649;1.736;1.823;;;;;;;;;;;;;;;;;;;;
Lohmann Sandy;Tint;17;1.102;1.160;1.218;1.757;1.850;1.942;;;;;;;;;;;;;;;;;;;;
Lohmann Sandy;Tint;18;1.149;1.210;1.270;1.866;1.964;2.062;;;;;;;;;;;;;;;;;;;;
Lohmann Sandy;Tint;19;1.196;1.259;1.322;1.974;2.078;2.181;;;;;;;;;;;;;;;;;;;;
Lohmann Sandy;Tint;20;1.237;1.302;1.368;2.085;2.195;2.305;;;;;;;;;;;;;;;;;;;;
Lohmann Sandy;Tint;21;1.281;1.349;1.416;2.161;2.275;2.388;;;;;;;;;;;;;;;;;;;;
Lohmann Sandy;Tint;22;1.328;1.398;1.468;2.227;2.344;2.461;;;;;;;;;;;;;;;;;;;;
Lohmann Sandy;Tint;23;1.365;1.437;1.509;2.284;2.404;2.524;;;;;;;;;;;;;;;;;;;;
Lohmann Sandy;Tint;24;1.403;1.477;1.550;2.335;2.458;2.581;;;;;;;;;;;;;;;;;;;;
Lohmann Sandy;Tint;25;1.436;1.511;1.587;2.383;2.508;2.633;;;;;;;;;;;;;;;;;;;;
Lohmann Sandy;Tint;26;1.464;1.541;1.618;2.425;2.553;2.680;;;;;;;;;;;;;;;;;;;;
Lohmann Sandy;Tint;27;1.487;1.565;1.643;2.463;2.593;2.722;;;;;;;;;;;;;;;;;;;;
Lohmann Sandy;Tint;28;1.506;1.585;1.664;2.496;2.627;2.759;;;;;;;;;;;;;;;;;;;;
Lohmann Sandy;Tint;29;1.524;1.605;1.685;2.524;2.657;2.790;;;;;;;;;;;;;;;;;;;;
Lohmann Sandy;Tint;30;1.534;1.614;1.695;2.543;2.677;2.811;;;;;;;;;;;;;;;;;;;;
Lohmann Sandy;Tint;31;1.541;1.622;1.703;2.557;2.691;2.826;;;;;;;;;;;;;;;;;;;;
Lohmann Sandy;Tint;32;1.547;1.628;1.710;2.570;2.706;2.841;;;;;;;;;;;;;;;;;;;;
Lohmann Sandy;Tint;33;1.551;1.632;1.714;2.584;2.720;2.856;;;;;;;;;;;;;;;;;;;;
Lohmann Sandy;Tint;34;1.552;1.634;1.716;2.598;2.735;2.871;;;;;;;;;;;;;;;;;;;;
Lohmann Sandy;Tint;35;1.554;1.636;1.718;2.612;2.749;2.886;;;;;;;;;;;;;;;;;;;;
Lohmann Sandy;Tint;36;1.556;1.638;1.720;2.625;2.763;2.902;;;;;;;;;;;;;;;;;;;;
Lohmann Sandy;Tint;37;1.558;1.640;1.722;2.639;2.778;2.917;;;;;;;;;;;;;;;;;;;;
Lohmann Sandy;Tint;38;1.560;1.642;1.724;2.653;2.792;2.932;;;;;;;;;;;;;;;;;;;;
Lohmann Sandy;Tint;39;1.562;1.644;1.726;2.666;2.807;2.947;;;;;;;;;;;;;;;;;;;;
Lohmann Sandy;Tint;40;1.564;1.646;1.728;2.680;2.821;2.962;;;;;;;;;;;;;;;;;;;;
Lohmann Sandy;Tint;41;1.565;1.648;1.730;2.687;2.828;2.970;;;;;;;;;;;;;;;;;;;;
Lohmann Sandy;Tint;42;1.567;1.650;1.732;2.694;2.836;2.978;;;;;;;;;;;;;;;;;;;;
Lohmann Sandy;Tint;43;1.569;1.652;1.734;2.701;2.843;2.985;;;;;;;;;;;;;;;;;;;;
Lohmann Sandy;Tint;44;1.571;1.654;1.736;2.708;2.851;2.993;;;;;;;;;;;;;;;;;;;;
Lohmann Sandy;Tint;45;1.573;1.656;1.739;2.715;2.858;3.001;;;;;;;;;;;;;;;;;;;;
Lohmann Sandy;Tint;46;1.575;1.658;1.741;2.722;2.866;3.009;;;;;;;;;;;;;;;;;;;;
Lohmann Sandy;Tint;47;1.577;1.660;1.743;2.729;2.873;3.017;;;;;;;;;;;;;;;;;;;;
Lohmann Sandy;Tint;48;1.579;1.662;1.745;2.737;2.881;3.025;;;;;;;;;;;;;;;;;;;;
Lohmann Sandy;Tint;49;1.580;1.664;1.747;2.744;2.888;3.032;;;;;;;;;;;;;;;;;;;;
Lohmann Sandy;Tint;50;1.582;1.666;1.749;2.751;2.895;3.040;;;;;;;;;;;;;;;;;;;;
Lohmann Sandy;Tint;51;1.584;1.668;1.751;2.758;2.903;3.048;;;;;;;;;;;;;;;;;;;;
Lohmann Sandy;Tint;52;1.586;1.670;1.753;2.765;2.910;3.056;;;;;;;;;;;;;;;;;;;;
Lohmann Sandy;Tint;53;1.588;1.672;1.755;2.772;2.918;3.064;;;;;;;;;;;;;;;;;;;;
Lohmann Sandy;Tint;54;1.590;1.673;1.757;2.779;2.925;3.072;;;;;;;;;;;;;;;;;;;;
Lohmann Sandy;Tint;55;1.592;1.675;1.759;2.786;2.933;3.079;;;;;;;;;;;;;;;;;;;;
Lohmann Sandy;Tint;56;1.594;1.677;1.761;2.793;2.940;3.087;;;;;;;;;;;;;;;;;;;;
Lohmann Sandy;Tint;57;1.595;1.679;1.763;2.800;2.948;3.095;;;;;;;;;;;;;;;;;;;;
Lohmann Sandy;Tint;58;1.597;1.681;1.765;2.807;2.955;3.103;;;;;;;;;;;;;;;;;;;;
Lohmann Sandy;Tint;59;1.599;1.683;1.767;2.814;2.963;3.111;;;;;;;;;;;;;;;;;;;;
Lohmann Sandy;Tint;60;1.601;1.685;1.770;2.821;2.970;3.118;;;;;;;;;;;;;;;;;;;;
Lohmann Sandy;Tint;61;1.602;1.686;1.771;2.827;2.976;3.125;;;;;;;;;;;;;;;;;;;;
Lohmann Sandy;Tint;62;1.603;1.687;1.772;2.831;2.980;3.129;;;;;;;;;;;;;;;;;;;;
Lohmann Sandy;Tint;63;1.604;1.688;1.773;2.831;2.980;3.129;;;;;;;;;;;;;;;;;;;;
Lohmann Sandy;Tint;64;1.605;1.689;1.774;2.831;2.980;3.129;;;;;;;;;;;;;;;;;;;;
Lohmann Sandy;Tint;65;1.606;1.690;1.775;2.831;2.980;3.129;;;;;;;;;;;;;;;;;;;;
Lohmann Sandy;Tint;66;1.607;1.691;1.776;2.831;2.980;3.129;;;;;;;;;;;;;;;;;;;;
Lohmann Sandy;Tint;67;1.608;1.692;1.777;2.831;2.980;3.129;;;;;;;;;;;;;;;;;;;;
Lohmann Sandy;Tint;68;1.609;1.693;1.778;2.831;2.980;3.129;;;;;;;;;;;;;;;;;;;;
Lohmann Sandy;Tint;69;1.609;1.694;1.779;2.831;2.980;3.129;;;;;;;;;;;;;;;;;;;;
Lohmann Sandy;Tint;70;1.610;1.695;1.780;2.831;2.980;3.129;;;;;;;;;;;;;;;;;;;;
Lohmann Sandy;Tint;71;1.611;1.696;1.781;2.831;2.980;3.129;;;;;;;;;;;;;;;;;;;;
Lohmann Sandy;Tint;72;1.612;1.697;1.782;2.831;2.980;3.129;;;;;;;;;;;;;;;;;;;;
Lohmann Sandy;Tint;73;1.613;1.698;1.783;2.831;2.980;3.129;;;;;;;;;;;;;;;;;;;;
Lohmann Sandy;Tint;74;1.614;1.699;1.784;2.831;2.980;3.129;;;;;;;;;;;;;;;;;;;;
Lohmann Sandy;Tint;75;1.615;1.700;1.785;2.831;2.980;3.129;;;;;;;;;;;;;;;;;;;;
Lohmann Pink;Tint;1;62;65;69;66;69;73;;;;;;;;;;;;;;;;;;;;
Lohmann Pink;Tint;2;124;131;137;131;138;145;;;;;;;;;;;;;;;;;;;;
Lohmann Pink;Tint;3;184;194;204;187;197;207;;;;;;;;;;;;;;;;;;;;
Lohmann Pink;Tint;4;256;269;282;244;257;269;;;;;;;;;;;;;;;;;;;;
Lohmann Pink;Tint;5;333;351;368;319;336;352;;;;;;;;;;;;;;;;;;;;
Lohmann Pink;Tint;6;420;442;464;403;424;446;;;;;;;;;;;;;;;;;;;;
Lohmann Pink;Tint;7;508;534;561;497;523;549;;;;;;;;;;;;;;;;;;;;
Lohmann Pink;Tint;8;602;634;666;619;651;684;;;;;;;;;;;;;;;;;;;;
Lohmann Pink;Tint;9;699;736;772;736;775;813;;;;;;;;;;;;;;;;;;;;
Lohmann Pink;Tint;10;789;830;872;848;893;938;;;;;;;;;;;;;;;;;;;;
Lohmann Pink;Tint;11;873;919;965;956;1.007;1.057;;;;;;;;;;;;;;;;;;;;
Lohmann Pink;Tint;12;961;1.012;1.062;1.050;1.105;1.160;;;;;;;;;;;;;;;;;;;;
Lohmann Pink;Tint;13;1.042;1.097;1.151;1.134;1.194;1.254;;;;;;;;;;;;;;;;;;;;
Lohmann Pink;Tint;14;1.119;1.177;1.236;1.214;1.278;1.342;;;;;;;;;;;;;;;;;;;;
Lohmann Pink;Tint;15;1.195;1.257;1.320;1.289;1.357;1.425;;;;;;;;;;;;;;;;;;;;
Lohmann Pink;Tint;16;1.265;1.331;1.398;1.359;1.431;1.502;;;;;;;;;;;;;;;;;;;;
Lohmann Pink;Tint;17;1.330;1.400;1.470;1.425;1.500;1.575;;;;;;;;;;;;;;;;;;;;
Lohmann Pink;Tint;18;1.400;1.473;1.547;1.486;1.564;1.642;;;;;;;;;;;;;;;;;;;;
Lohmann Pink;Tint;19;1.465;1.542;1.619;1.545;1.626;1.708;;;;;;;;;;;;;;;;;;;;
Lohmann Pink;Tint;20;1.535;1.615;1.696;1.610;1.695;1.780;;;;;;;;;;;;;;;;;;;;
Lohmann Pink;Tint;21;1.588;1.672;1.755;1.676;1.764;1.852;;;;;;;;;;;;;;;;;;;;
Lohmann Pink;Tint;22;1.639;1.725;1.811;1.737;1.828;1.919;;;;;;;;;;;;;;;;;;;;
Lohmann Pink;Tint;23;1.684;1.772;1.861;1.793;1.887;1.981;;;;;;;;;;;;;;;;;;;;
Lohmann Pink;Tint;24;1.719;1.810;1.900;1.844;1.941;2.038;;;;;;;;;;;;;;;;;;;;
Lohmann Pink;Tint;25;1.746;1.838;1.929;1.891;1.991;2.090;;;;;;;;;;;;;;;;;;;;
Lohmann Pink;Tint;26;1.764;1.856;1.949;1.933;2.035;2.137;;;;;;;;;;;;;;;;;;;;
Lohmann Pink;Tint;27;1.776;1.869;1.963;1.971;2.074;2.178;;;;;;;;;;;;;;;;;;;;
Lohmann Pink;Tint;28;1.783;1.877;1.971;2.003;2.109;2.214;;;;;;;;;;;;;;;;;;;;
Lohmann Pink;Tint;29;1.789;1.883;1.977;2.031;2.138;2.245;;;;;;;;;;;;;;;;;;;;
Lohmann Pink;Tint;30;1.796;1.890;1.985;2.055;2.163;2.271;;;;;;;;;;;;;;;;;;;;
Lohmann Pink;Tint;31;1.798;1.893;1.988;2.074;2.183;2.292;;;;;;;;;;;;;;;;;;;;
Lohmann Pink;Tint;32;1.801;1.896;1.991;2.083;2.193;2.302;;;;;;;;;;;;;;;;;;;;
Lohmann Pink;Tint;33;1.804;1.899;1.994;2.088;2.197;2.307;;;;;;;;;;;;;;;;;;;;
Lohmann Pink;Tint;34;1.807;1.902;1.997;2.091;2.201;2.311;;;;;;;;;;;;;;;;;;;;
Lohmann Pink;Tint;35;1.810;1.905;2.000;2.094;2.204;2.315;;;;;;;;;;;;;;;;;;;;
Lohmann Pink;Tint;36;1.813;1.908;2.003;2.097;2.207;2.318;;;;;;;;;;;;;;;;;;;;
Lohmann Pink;Tint;37;1.815;1.911;2.006;2.100;2.210;2.321;;;;;;;;;;;;;;;;;;;;
Lohmann Pink;Tint;38;1.818;1.914;2.010;2.103;2.213;2.324;;;;;;;;;;;;;;;;;;;;
Lohmann Pink;Tint;39;1.821;1.917;2.013;2.105;2.216;2.327;;;;;;;;;;;;;;;;;;;;
Lohmann Pink;Tint;40;1.823;1.919;2.015;2.108;2.219;2.330;;;;;;;;;;;;;;;;;;;;
Lohmann Pink;Tint;41;1.826;1.922;2.018;2.111;2.222;2.333;;;;;;;;;;;;;;;;;;;;
Lohmann Pink;Tint;42;1.827;1.924;2.020;2.114;2.225;2.336;;;;;;;;;;;;;;;;;;;;
Lohmann Pink;Tint;43;1.830;1.927;2.023;2.117;2.228;2.339;;;;;;;;;;;;;;;;;;;;
Lohmann Pink;Tint;44;1.832;1.929;2.025;2.119;2.231;2.342;;;;;;;;;;;;;;;;;;;;
Lohmann Pink;Tint;45;1.835;1.931;2.028;2.122;2.234;2.346;;;;;;;;;;;;;;;;;;;;
Lohmann Pink;Tint;46;1.838;1.934;2.031;2.125;2.237;2.349;;;;;;;;;;;;;;;;;;;;
Lohmann Pink;Tint;47;1.840;1.936;2.033;2.128;2.240;2.352;;;;;;;;;;;;;;;;;;;;
Lohmann Pink;Tint;48;1.841;1.938;2.035;2.131;2.243;2.355;;;;;;;;;;;;;;;;;;;;
Lohmann Pink;Tint;49;1.844;1.941;2.038;2.133;2.246;2.358;;;;;;;;;;;;;;;;;;;;
Lohmann Pink;Tint;50;1.846;1.943;2.041;2.136;2.249;2.361;;;;;;;;;;;;;;;;;;;;
Lohmann Pink;Tint;51;1.850;1.947;2.045;2.139;2.252;2.364;;;;;;;;;;;;;;;;;;;;
Lohmann Pink;Tint;52;1.851;1.948;2.046;2.142;2.255;2.367;;;;;;;;;;;;;;;;;;;;
Lohmann Pink;Tint;53;1.855;1.952;2.050;2.144;2.257;2.369;;;;;;;;;;;;;;;;;;;;
Lohmann Pink;Tint;54;1.857;1.954;2.052;2.146;2.259;2.371;;;;;;;;;;;;;;;;;;;;
Lohmann Pink;Tint;55;1.858;1.956;2.054;2.147;2.261;2.374;;;;;;;;;;;;;;;;;;;;
Lohmann Pink;Tint;56;1.860;1.958;2.056;2.149;2.262;2.376;;;;;;;;;;;;;;;;;;;;
Lohmann Pink;Tint;57;1.863;1.961;2.059;2.151;2.264;2.378;;;;;;;;;;;;;;;;;;;;
Lohmann Pink;Tint;58;1.865;1.963;2.061;2.153;2.266;2.380;;;;;;;;;;;;;;;;;;;;
Lohmann Pink;Tint;59;1.868;1.966;2.064;2.155;2.268;2.382;;;;;;;;;;;;;;;;;;;;
Lohmann Pink;Tint;60;1.870;1.968;2.066;2.157;2.270;2.384;;;;;;;;;;;;;;;;;;;;
Lohmann Pink;Tint;61;1.872;1.971;2.070;2.159;2.272;2.386;;;;;;;;;;;;;;;;;;;;
Lohmann Pink;Tint;62;1.875;1.974;2.073;2.161;2.274;2.388;;;;;;;;;;;;;;;;;;;;
Lohmann Pink;Tint;63;1.877;1.976;2.075;2.162;2.276;2.390;;;;;;;;;;;;;;;;;;;;
Lohmann Pink;Tint;64;1.879;1.978;2.077;2.164;2.278;2.392;;;;;;;;;;;;;;;;;;;;
Lohmann Pink;Tint;65;1.882;1.981;2.080;2.166;2.280;2.394;;;;;;;;;;;;;;;;;;;;
Lohmann Pink;Tint;66;1.884;1.983;2.082;2.168;2.282;2.396;;;;;;;;;;;;;;;;;;;;
Lohmann Pink;Tint;67;1.887;1.986;2.085;2.170;2.284;2.398;;;;;;;;;;;;;;;;;;;;
Lohmann Pink;Tint;68;1.888;1.988;2.087;2.172;2.286;2.400;;;;;;;;;;;;;;;;;;;;
Lohmann Pink;Tint;69;1.891;1.991;2.090;2.174;2.288;2.403;;;;;;;;;;;;;;;;;;;;
Lohmann Pink;Tint;70;1.894;1.994;2.093;2.176;2.290;2.405;;;;;;;;;;;;;;;;;;;;
Lohmann Pink;Tint;71;1.896;1.996;2.096;2.177;2.292;2.407;;;;;;;;;;;;;;;;;;;;
Lohmann Pink;Tint;72;1.897;1.997;2.097;2.179;2.294;2.409;;;;;;;;;;;;;;;;;;;;
Lohmann Pink;Tint;73;1.898;1.998;2.098;2.181;2.296;2.411;;;;;;;;;;;;;;;;;;;;
Lohmann Pink;Tint;74;1.899;1.999;2.099;2.183;2.298;2.413;;;;;;;;;;;;;;;;;;;;
Lohmann Pink;Tint;75;1.900;2.000;2.100;2.185;2.300;2.415;;;;;;;;;;;;;;;;;;;;
Lohmann Silver;Brown;1;63;66;70;61;64;67;;;;;;;;;;;;;;;;;;;;
Lohmann Silver;Brown;2;126;132;139;135;142;150;;;;;;;;;;;;;;;;;;;;
Lohmann Silver;Brown;3;187;196;206;229;241;253;;;;;;;;;;;;;;;;;;;;
Lohmann Silver;Brown;4;258;272;286;322;339;356;;;;;;;;;;;;;;;;;;;;
Lohmann Silver;Brown;5;337;355;372;415;437;459;;;;;;;;;;;;;;;;;;;;
Lohmann Silver;Brown;6;425;447;469;518;545;572;;;;;;;;;;;;;;;;;;;;
Lohmann Silver;Brown;7;514;541;568;630;663;696;;;;;;;;;;;;;;;;;;;;
Lohmann Silver;Brown;8;609;641;673;742;781;820;;;;;;;;;;;;;;;;;;;;
Lohmann Silver;Brown;9;707;744;781;854;899;944;;;;;;;;;;;;;;;;;;;;
Lohmann Silver;Brown;10;798;840;882;966;1.017;1.068;;;;;;;;;;;;;;;;;;;;
Lohmann Silver;Brown;11;883;929;976;1.078;1.135;1.191;;;;;;;;;;;;;;;;;;;;
Lohmann Silver;Brown;12;972;1.023;1.074;1.190;1.253;1.315;;;;;;;;;;;;;;;;;;;;
Lohmann Silver;Brown;13;1.053;1.109;1.164;1.302;1.370;1.439;;;;;;;;;;;;;;;;;;;;
Lohmann Silver;Brown;14;1.131;1.191;1.250;1.414;1.488;1.563;;;;;;;;;;;;;;;;;;;;
Lohmann Silver;Brown;15;1.208;1.272;1.335;1.526;1.606;1.686;;;;;;;;;;;;;;;;;;;;
Lohmann Silver;Brown;16;1.281;1.348;1.416;1.638;1.724;1.810;;;;;;;;;;;;;;;;;;;;
Lohmann Silver;Brown;17;1.347;1.418;1.489;1.745;1.837;1.929;;;;;;;;;;;;;;;;;;;;
Lohmann Silver;Brown;18;1.416;1.490;1.565;1.853;1.950;2.048;;;;;;;;;;;;;;;;;;;;
Lohmann Silver;Brown;19;1.489;1.568;1.646;1.937;2.039;2.141;;;;;;;;;;;;;;;;;;;;
Lohmann Silver;Brown;20;1.555;1.637;1.719;2.030;2.136;2.243;;;;;;;;;;;;;;;;;;;;
Lohmann Silver;Brown;21;1.612;1.697;1.782;2.103;2.214;2.324;;;;;;;;;;;;;;;;;;;;
Lohmann Silver;Brown;22;1.663;1.751;1.838;2.167;2.281;2.395;;;;;;;;;;;;;;;;;;;;
Lohmann Silver;Brown;23;1.709;1.799;1.889;2.222;2.339;2.456;;;;;;;;;;;;;;;;;;;;
Lohmann Silver;Brown;24;1.745;1.837;1.929;2.273;2.393;2.512;;;;;;;;;;;;;;;;;;;;
Lohmann Silver;Brown;25;1.772;1.865;1.959;2.319;2.441;2.563;;;;;;;;;;;;;;;;;;;;
Lohmann Silver;Brown;26;1.790;1.884;1.979;2.360;2.484;2.609;;;;;;;;;;;;;;;;;;;;
Lohmann Silver;Brown;27;1.803;1.897;1.992;2.397;2.523;2.649;;;;;;;;;;;;;;;;;;;;
Lohmann Silver;Brown;28;1.810;1.905;2.001;2.429;2.557;2.685;;;;;;;;;;;;;;;;;;;;
Lohmann Silver;Brown;29;1.816;1.912;2.007;2.457;2.586;2.715;;;;;;;;;;;;;;;;;;;;
Lohmann Silver;Brown;30;1.823;1.919;2.015;2.475;2.605;2.735;;;;;;;;;;;;;;;;;;;;
Lohmann Silver;Brown;31;1.826;1.922;2.018;2.488;2.619;2.750;;;;;;;;;;;;;;;;;;;;
Lohmann Silver;Brown;32;1.828;1.925;2.021;2.502;2.633;2.765;;;;;;;;;;;;;;;;;;;;
Lohmann Silver;Brown;33;1.831;1.928;2.024;2.515;2.647;2.780;;;;;;;;;;;;;;;;;;;;
Lohmann Silver;Brown;34;1.834;1.931;2.027;2.528;2.661;2.794;;;;;;;;;;;;;;;;;;;;
Lohmann Silver;Brown;35;1.837;1.934;2.030;2.541;2.675;2.809;;;;;;;;;;;;;;;;;;;;
Lohmann Silver;Brown;36;1.840;1.937;2.034;2.555;2.689;2.824;;;;;;;;;;;;;;;;;;;;
Lohmann Silver;Brown;37;1.843;1.940;2.037;2.568;2.703;2.838;;;;;;;;;;;;;;;;;;;;
Lohmann Silver;Brown;38;1.846;1.943;2.040;2.581;2.717;2.853;;;;;;;;;;;;;;;;;;;;
Lohmann Silver;Brown;39;1.849;1.946;2.043;2.595;2.731;2.868;;;;;;;;;;;;;;;;;;;;
Lohmann Silver;Brown;40;1.850;1.948;2.045;2.608;2.745;2.883;;;;;;;;;;;;;;;;;;;;
Lohmann Silver;Brown;41;1.853;1.951;2.048;2.615;2.753;2.890;;;;;;;;;;;;;;;;;;;;
Lohmann Silver;Brown;42;1.855;1.953;2.050;2.622;2.760;2.898;;;;;;;;;;;;;;;;;;;;
Lohmann Silver;Brown;43;1.858;1.956;2.053;2.629;2.767;2.905;;;;;;;;;;;;;;;;;;;;
Lohmann Silver;Brown;44;1.860;1.958;2.056;2.636;2.774;2.913;;;;;;;;;;;;;;;;;;;;
Lohmann Silver;Brown;45;1.863;1.961;2.059;2.643;2.782;2.921;;;;;;;;;;;;;;;;;;;;
Lohmann Silver;Brown;46;1.865;1.964;2.062;2.649;2.789;2.928;;;;;;;;;;;;;;;;;;;;
Lohmann Silver;Brown;47;1.867;1.966;2.064;2.656;2.796;2.936;;;;;;;;;;;;;;;;;;;;
Lohmann Silver;Brown;48;1.869;1.968;2.066;2.663;2.803;2.944;;;;;;;;;;;;;;;;;;;;
Lohmann Silver;Brown;49;1.872;1.971;2.069;2.670;2.811;2.951;;;;;;;;;;;;;;;;;;;;
Lohmann Silver;Brown;50;1.874;1.973;2.071;2.677;2.818;2.959;;;;;;;;;;;;;;;;;;;;
Lohmann Silver;Brown;51;1.878;1.977;2.076;2.684;2.825;2.966;;;;;;;;;;;;;;;;;;;;
Lohmann Silver;Brown;52;1.879;1.978;2.077;2.691;2.832;2.974;;;;;;;;;;;;;;;;;;;;
Lohmann Silver;Brown;53;1.883;1.982;2.081;2.698;2.840;2.982;;;;;;;;;;;;;;;;;;;;
Lohmann Silver;Brown;54;1.885;1.984;2.083;2.704;2.847;2.989;;;;;;;;;;;;;;;;;;;;
Lohmann Silver;Brown;55;1.886;1.986;2.085;2.711;2.854;2.997;;;;;;;;;;;;;;;;;;;;
Lohmann Silver;Brown;56;1.888;1.988;2.087;2.718;2.861;3.004;;;;;;;;;;;;;;;;;;;;
Lohmann Silver;;57;1.891;1.991;2.090;2.725;2.869;3.012;;;;;;;;;;;;;;;;;;;;
Lohmann Silver;;58;1.893;1.993;2.092;2.732;2.876;3.020;;;;;;;;;;;;;;;;;;;;
Lohmann Silver;;59;1.896;1.996;2.096;2.739;2.883;3.027;;;;;;;;;;;;;;;;;;;;
Lohmann Silver;;60;1.898;1.998;2.098;2.746;2.890;3.035;;;;;;;;;;;;;;;;;;;;
Lohmann Silver;;61;1.901;2.001;2.101;2.751;2.896;3.041;;;;;;;;;;;;;;;;;;;;
Lohmann Silver;;62;1.904;2.004;2.104;2.755;2.900;3.045;;;;;;;;;;;;;;;;;;;;
Lohmann Silver;;63;1.906;2.006;2.106;2.755;2.900;3.045;;;;;;;;;;;;;;;;;;;;
Lohmann Silver;;64;1.907;2.008;2.108;2.755;2.900;3.045;;;;;;;;;;;;;;;;;;;;
Lohmann Silver;;65;1.910;2.011;2.111;2.755;2.900;3.045;;;;;;;;;;;;;;;;;;;;
Lohmann Silver;;66;1.912;2.013;2.113;2.755;2.900;3.045;;;;;;;;;;;;;;;;;;;;
Lohmann Silver;;67;1.915;2.016;2.117;2.755;2.900;3.045;;;;;;;;;;;;;;;;;;;;
Lohmann Silver;;68;1.917;2.018;2.119;2.755;2.900;3.045;;;;;;;;;;;;;;;;;;;;
Lohmann Silver;;69;1.920;2.021;2.122;2.755;2.900;3.045;;;;;;;;;;;;;;;;;;;;
Lohmann Silver;;70;1.923;2.024;2.125;2.755;2.900;3.045;;;;;;;;;;;;;;;;;;;;
Lohmann Silver;;71;1.925;2.026;2.127;2.755;2.900;3.045;;;;;;;;;;;;;;;;;;;;
Lohmann Silver;;72;1.926;2.027;2.128;2.755;2.900;3.045;;;;;;;;;;;;;;;;;;;;
Lohmann Silver;;73;1.927;2.028;2.129;2.755;2.900;3.045;;;;;;;;;;;;;;;;;;;;
Lohmann Silver;;74;1.928;2.029;2.130;2.755;2.900;3.045;;;;;;;;;;;;;;;;;;;;
Lohmann Silver;;75;1.928;2.030;2.131;2.755;2.900;3.045;;;;;;;;;;;;;;;;;;;;
;;;;;;;;;;;;;;;;;;;;;;;;;;;;
;;;;;;;;;;;;;;;;;;;;;;;;;;;;
;;;;;;;;;;;;;;;;;;;;;;;;;;;;
;;;;;;;;;;;;;;;;;;;;;;;;;;;;
;;;;;;;;;;;;;;;;;;;;;;;;;;;;
;;;;;;;;;;;;;;;;;;;;;;;;;;;;
;;;;;;;;;;;;;;;;;;;;;;;;;;;;
;;;;;;;;;;;;;;;;;;;;;;;;;;;;
;;;;;;;;;;;;;;;;;;;;;;;;;;;;
;;;;;;;;;;;;;;;;;;;;;;;;;;;;
;;;;;;;;;;;;;;;;;;;;;;;;;;;;
;;;;;;;;;;;;;;;;;;;;;;;;;;;;
;;;;;;;;;;;;;;;;;;;;;;;;;;;;
;;;;;;;;;;;;;;;;;;;;;;;;;;;;
;;;;;;;;;;;;;;;;;;;;;;;;;;;;
;;;;;;;;;;;;;;;;;;;;;;;;;;;;
;;;;;;;;;;;;;;;;;;;;;;;;;;;;
;;;;;;;;;;;;;;;;;;;;;;;;;;;;
;;;;;;;;;;;;;;;;;;;;;;;;;;;;
;;;;;;;;;;;;;;;;;;;;;;;;;;;;
;;;;;;;;;;;;;;;;;;;;;;;;;;;;
;;;;;;;;;;;;;;;;;;;;;;;;;;;;
;;;;;;;;;;;;;;;;;;;;;;;;;;;;
;;;;;;;;;;;;;;;;;;;;;;;;;;;;
;;;;;;;;;;;;;;;;;;;;;;;;;;;;
;;;;;;;;;;;;;;;;;;;;;;;;;;;;
;;;;;;;;;;;;;;;;;;;;;;;;;;;;
;;;;;;;;;;;;;;;;;;;;;;;;;;;;
;;;;;;;;;;;;;;;;;;;;;;;;;;;;
;;;;;;;;;;;;;;;;;;;;;;;;;;;;
;;;;;;;;;;;;;;;;;;;;;;;;;;;;
;;;;;;;;;;;;;;;;;;;;;;;;;;;;
;;;;;;;;;;;;;;;;;;;;;;;;;;;;
;;;;;;;;;;;;;;;;;;;;;;;;;;;;
;;;;;;;;;;;;;;;;;;;;;;;;;;;;
;;;;;;;;;;;;;;;;;;;;;;;;;;;;
;;;;;;;;;;;;;;;;;;;;;;;;;;;;
;;;;;;;;;;;;;;;;;;;;;;;;;;;;
;;;;;;;;;;;;;;;;;;;;;;;;;;;;
;;;;;;;;;;;;;;;;;;;;;;;;;;;;
;;;;;;;;;;;;;;;;;;;;;;;;;;;;
;;;;;;;;;;;;;;;;;;;;;;;;;;;;
;;;;;;;;;;;;;;;;;;;;;;;;;;;;
;;;;;;;;;;;;;;;;;;;;;;;;;;;;
;;;;;;;;;;;;;;;;;;;;;;;;;;;;
;;;;;;;;;;;;;;;;;;;;;;;;;;;;
;;;;;;;;;;;;;;;;;;;;;;;;;;;;
;;;;;;;;;;;;;;;;;;;;;;;;;;;;
;;;;;;;;;;;;;;;;;;;;;;;;;;;;
;;;;;;;;;;;;;;;;;;;;;;;;;;;;
;;;;;;;;;;;;;;;;;;;;;;;;;;;;
;;;;;;;;;;;;;;;;;;;;;;;;;;;;
;;;;;;;;;;;;;;;;;;;;;;;;;;;;
;;;;;;;;;;;;;;;;;;;;;;;;;;;;
;;;;;;;;;;;;;;;;;;;;;;;;;;;;
;;;;;;;;;;;;;;;;;;;;;;;;;;;;
;;;;;;;;;;;;;;;;;;;;;;;;;;;;
;;;;;;;;;;;;;;;;;;;;;;;;;;;;
;;;;;;;;;;;;;;;;;;;;;;;;;;;;
;;;;;;;;;;;;;;;;;;;;;;;;;;;;
;;;;;;;;;;;;;;;;;;;;;;;;;;;;
;;;;;;;;;;;;;;;;;;;;;;;;;;;;
;;;;;;;;;;;;;;;;;;;;;;;;;;;;
;;;;;;;;;;;;;;;;;;;;;;;;;;;;
;;;;;;;;;;;;;;;;;;;;;;;;;;;;
;;;;;;;;;;;;;;;;;;;;;;;;;;;;
;;;;;;;;;;;;;;;;;;;;;;;;;;;;
;;;;;;;;;;;;;;;;;;;;;;;;;;;;
;;;;;;;;;;;;;;;;;;;;;;;;;;;;
;;;;;;;;;;;;;;;;;;;;;;;;;;;;
;;;;;;;;;;;;;;;;;;;;;;;;;;;;
;;;;;;;;;;;;;;;;;;;;;;;;;;;;
;;;;;;;;;;;;;;;;;;;;;;;;;;;;
;;;;;;;;;;;;;;;;;;;;;;;;;;;;
;;;;;;;;;;;;;;;;;;;;;;;;;;;;
